pred,actual,seqs,loss
0.5421962141990662,1,102108,0.6121273040771484
0.5336142182350159,1,12369,0.6280821561813354
0.5001129508018494,1,24746,0.6929212808609009
0.4855448007583618,1,51091,0.7224836945533752
0.5019225478172302,1,2917,0.6893094778060913
0.4826604723930359,1,47220,0.7284418344497681
0.45736896991729736,1,158666,0.7822648286819458
0.4926818311214447,1,19695,0.7078917026519775
0.49024489521980286,1,46182,0.7128502130508423
0.5221191644668579,1,17780,0.6498594284057617
0.4504726529121399,0,158091,0.5986967086791992
0.4500337839126587,0,156529,0.5978984236717224
0.4443575143814087,0,240538,0.5876302123069763
0.45311570167541504,0,90302,0.603518009185791
0.45404645800590515,0,113668,0.6052213907241821
0.4420928359031677,0,216753,0.5835627317428589
0.45586302876472473,0,70398,0.6085543036460876
0.4426652193069458,0,251066,0.5845891833305359
0.4666453003883362,0,137701,0.6285685896873474
0.4779425263404846,0,144199,0.6499775648117065
0.44670966267585754,0,195398,0.5918723940849304
0.5091432332992554,0,64456,0.7116029262542725
0.44879812002182007,0,222609,0.5956541299819946
