pred,actual,seqs,loss
0.4815353751182556,1,68651,0.7307755947113037
0.4863011837005615,1,46182,0.7209271192550659
0.48653653264045715,1,29270,0.7204433083534241
0.48955538868904114,1,48049,0.7142576575279236
0.4836314022541046,1,238997,0.726432204246521
0.48194316029548645,1,133752,0.7299290895462036
0.49101048707962036,1,8244,0.7112898230552673
0.4873957335948944,1,22187,0.718678891658783
0.4862997233867645,1,5658,0.7209301590919495
0.47966018319129944,1,102108,0.7346773743629456
0.4821242392063141,0,166515,0.6580199003219604
0.477434366941452,0,156529,0.6490046977996826
0.48264390230178833,0,90302,0.6590238809585571
0.4814310073852539,0,134340,0.6566821932792664
0.482077419757843,0,91221,0.657929539680481
0.48150765895843506,0,132154,0.6568300127983093
0.48115867376327515,0,146312,0.6561571955680847
0.4792466163635254,0,248271,0.6524786949157715
0.4813818335533142,0,80171,0.6565873622894287
0.47860202193260193,0,106275,0.651241660118103
0.48108014464378357,0,152433,0.656005859375
0.4814058840274811,0,101001,0.656633734703064
0.4854751229286194,0,82902,0.6645113825798035
0.48216453194618225,0,91332,0.6580977439880371
