pred,actual,seqs,loss
0.6526405215263367,1,5658,0.4267288148403168
0.6865277290344238,1,13528,0.37610867619514465
0.49745768308639526,1,158666,0.6982448101043701
0.6965584754943848,1,1519,0.3616035282611847
0.50930255651474,1,78545,0.6747130155563354
0.6426609754562378,1,12369,0.4421379566192627
0.4118627607822418,1,96926,0.8870651125907898
0.406083345413208,1,238997,0.9011968374252319
0.645879864692688,1,15029,0.4371417462825775
0.49320700764656067,1,51091,0.7068263292312622
0.40175771713256836,0,106275,0.513759434223175
0.4361400008201599,0,80171,0.5729492902755737
0.390527606010437,0,167489,0.49516162276268005
0.4256941080093384,0,166515,0.5545930862426758
0.37587371468544006,0,127696,0.4714025557041168
0.5663747191429138,0,37149,0.8355745077133179
0.40114355087280273,0,87892,0.5127333402633667
0.3976984918117523,0,98249,0.5069971084594727
0.43175509572029114,0,111859,0.5652027726173401
0.38992124795913696,0,144199,0.4941672086715698
0.41168826818466187,0,127930,0.5304983258247375
0.37886542081832886,0,137701,0.4762074947357178
0.6025919318199158,0,64456,0.9227916598320007
