pred,actual,seqs,loss
0.4511113166809082,1,158666,0.7960411310195923
0.5547788739204407,1,13528,0.5891856551170349
0.5662725567817688,1,8244,0.5686797499656677
0.47345903515815735,1,177069,0.7476899027824402
0.48430219292640686,1,47220,0.7250462174415588
0.4991001486778259,1,19695,0.6949484944343567
0.543982207775116,1,17700,0.6088387370109558
0.5302246809005737,1,20990,0.6344544291496277
0.5661328434944153,1,15029,0.5689265131950378
0.534642219543457,1,17780,0.6261575222015381
0.47213879227638245,0,70398,0.6389219164848328
0.444862961769104,0,256067,0.588540256023407
0.46217960119247437,0,80920,0.6202306151390076
0.4358201026916504,0,195398,0.5723820924758911
0.4318677484989166,0,146312,0.5654010772705078
0.49159157276153564,0,110696,0.676470160484314
0.4259258210659027,0,135911,0.55499666929245
0.4877792000770569,0,77877,0.6689994931221008
0.43403682112693787,0,145881,0.5692262649536133
0.4460512399673462,0,145434,0.590683102607727
0.43618229031562805,0,147543,0.5730242729187012
0.4721367359161377,0,107455,0.6389179825782776
0.40674129128456116,0,181554,0.522124707698822
