pred,actual,seqs,loss
0.7104732990264893,1,102108,0.34182390570640564
0.7013923525810242,1,12369,0.3546878397464752
0.5712049603462219,1,24746,0.5600072145462036
0.5410006046295166,1,51091,0.6143348813056946
0.593026340007782,1,2917,0.5225164890289307
0.5202579498291016,1,47220,0.6534305214881897
0.4091384708881378,1,158666,0.8937016129493713
0.5407873392105103,1,19695,0.6147291660308838
0.536100447177887,1,46182,0.6234337091445923
0.6377211809158325,1,17780,0.44985413551330566
0.39802736043930054,0,158091,0.5075432658195496
0.39772436022758484,0,156529,0.5070400834083557
0.37575697898864746,0,240538,0.47121554613113403
0.3995012640953064,0,90302,0.5099947452545166
0.41232001781463623,0,113668,0.531572699546814
0.3690342307090759,0,216753,0.4605036675930023
0.4110727310180664,0,70398,0.5294525623321533
0.3728683590888977,0,251066,0.4665988087654114
0.468027263879776,0,137701,0.6311630606651306
0.4879978597164154,0,144199,0.6694265007972717
0.38416850566864014,0,195398,0.4847819209098816
0.6102156639099121,0,64456,0.9421616792678833
0.38547995686531067,0,222609,0.4869137406349182
