pred,actual,seqs,loss
0.48748961091041565,1,68651,0.7184863090515137
0.48626774549484253,1,46182,0.7209959030151367
0.4854031503200531,1,29270,0.7227755188941956
0.4904595911502838,1,48049,0.712412416934967
0.4874185621738434,1,238997,0.7186320424079895
0.48442918062210083,1,133752,0.7247840166091919
0.48952123522758484,1,8244,0.7143274545669556
0.48597702383995056,1,22187,0.7215939164161682
0.4859439730644226,1,5658,0.7216619253158569
0.48559796810150146,1,102108,0.7223742008209229
0.4859556257724762,0,166515,0.6654456853866577
0.4832087457180023,0,156529,0.6601162552833557
0.4823109209537506,0,90302,0.6583804488182068
0.4854118525981903,0,134340,0.6643884181976318
0.4869983494281769,0,91221,0.667476236820221
0.4846706688404083,0,132154,0.6629490852355957
0.48526638746261597,0,146312,0.6641057729721069
0.4850565791130066,0,248271,0.6636982560157776
0.48563963174819946,0,80171,0.6648311614990234
0.4835931658744812,0,106275,0.6608604192733765
0.48445749282836914,0,152433,0.662535548210144
0.4820040166378021,0,101001,0.6577877998352051
0.4864825904369354,0,82902,0.6664713621139526
0.4862605929374695,0,91332,0.6660391092300415
