pred,actual,seqs,loss
0.443006306886673,1,96926,0.8141712546348572
0.5285049676895142,1,27231,0.6377030611038208
0.5111244320869446,1,18253,0.6711422204971313
0.5771515965461731,1,45251,0.5496503114700317
0.4999012053012848,1,22187,0.69334477186203
0.4773358106613159,1,42867,0.7395350337028503
0.5068468451499939,1,78545,0.6795464158058167
0.555806040763855,1,7177,0.5873358845710754
0.5503816604614258,1,14303,0.597143292427063
0.45867860317230225,1,29722,0.7794055342674255
0.4997493028640747,0,98249,0.6926459074020386
0.43957552313804626,0,87892,0.5790607929229736
0.4386202096939087,0,204472,0.5773575901985168
0.4397720694541931,0,248271,0.5794115662574768
0.43993157148361206,0,190795,0.5796962976455688
0.5566234588623047,0,71134,0.8133358955383301
0.435793399810791,0,219289,0.5723347663879395
0.44549980759620667,0,222609,0.5896881222724915
0.442090779542923,0,96990,0.5835590362548828
0.4470239281654358,0,114695,0.5924405455589294
0.44023048877716064,0,162601,0.580230176448822
0.44467514753341675,0,107960,0.5882019996643066
0.4777316153049469,0,87367,0.6495736837387085
