pred,actual,seqs,loss
0.45096319913864136,1,158666,0.7963695526123047
0.5641319155693054,1,13528,0.5724671483039856
0.5794209241867065,1,8244,0.5457260608673096
0.48082855343818665,1,177069,0.7322444915771484
0.4834335148334503,1,47220,0.7268415093421936
0.5006939172744751,1,19695,0.6917603015899658
0.5532905459403992,1,17700,0.5918720364570618
0.5384396314620972,1,20990,0.6190798878669739
0.5791993141174316,1,15029,0.546108603477478
0.5420083999633789,1,17780,0.6124737858772278
0.47174015641212463,0,70398,0.6381669640541077
0.4419496953487396,0,256067,0.5833061933517456
0.45851004123687744,0,80920,0.6134307384490967
0.4297354519367218,0,195398,0.5616549253463745
0.4262743294239044,0,146312,0.5556039214134216
0.4926346242427826,0,110696,0.6785238981246948
0.41779670119285583,0,135911,0.5409355759620667
0.4923754930496216,0,77877,0.678013265132904
0.43071043491363525,0,145881,0.5633660554885864
0.4426840543746948,0,145434,0.5846229791641235
0.429818332195282,0,147543,0.5618002414703369
0.4688451886177063,0,107455,0.6327017545700073
0.39477768540382385,0,181554,0.5021594166755676
