pred,actual,seqs,loss
0.4876318573951721,1,46796,0.7181945443153381
0.49400267004966736,1,7370,0.7052143812179565
0.48893117904663086,1,48049,0.7155335545539856
0.49669981002807617,1,12489,0.6997694373130798
0.48987963795661926,1,177069,0.7135955691337585
0.49122315645217896,1,20990,0.7108567357063293
0.4924136996269226,1,13528,0.7084360718727112
0.4993864595890045,1,8244,0.6943750381469727
0.48746976256370544,1,24746,0.7185270190238953
0.5020136833190918,1,1519,0.6891279220581055
0.48439234495162964,0,126860,0.6624091863632202
0.48562878370285034,0,93980,0.664810061454773
0.486379474401474,0,134469,0.6662705540657043
0.48386016488075256,0,152433,0.6613775491714478
0.48713546991348267,0,37149,0.6677435636520386
0.4856185019016266,0,132154,0.6647900938987732
0.48340943455696106,0,158091,0.6605046391487122
0.48408347368240356,0,137701,0.6618102788925171
0.48479950428009033,0,70398,0.6631991267204285
0.4852687418460846,0,64456,0.6641103625297546
0.4850051999092102,0,80920,0.6635984778404236
0.4904562532901764,0,82902,0.6742395758628845
0.492753267288208,0,145881,0.6787577271461487
