pred,actual,seqs,loss
0.43036574125289917,1,96926,0.8431198596954346
0.5377336144447327,1,27231,0.6203919649124146
0.5194705724716187,1,18253,0.6549451351165771
0.5971719622612,1,45251,0.5155501365661621
0.5022445321083069,1,22187,0.6886681914329529
0.4713267385959625,1,42867,0.7522037029266357
0.5109784007072449,1,78545,0.6714279651641846
0.5736745595932007,1,7177,0.5556930303573608
0.5663896799087524,1,14303,0.5684729814529419
0.4495536983013153,1,29722,0.7994999885559082
0.49992191791534424,0,98249,0.6929910182952881
0.42866888642311096,0,87892,0.559786319732666
0.4273635447025299,0,204472,0.5575042366981506
0.4288826286792755,0,248271,0.5601605176925659
0.4297809898853302,0,190795,0.5617347955703735
0.5711209774017334,0,71134,0.8465803861618042
0.4250434339046478,0,219289,0.5534607768058777
0.4356869161128998,0,222609,0.5721460580825806
0.42995721101760864,0,96990,0.5620438456535339
0.4371841847896576,0,114695,0.5748028755187988
0.4280216097831726,0,162601,0.5586540699005127
0.43397340178489685,0,107960,0.5691142082214355
0.47408735752105713,0,87367,0.6426201462745667
