pred,actual,seqs,loss
0.5566912293434143,1,102108,0.5857445597648621
0.5470687747001648,1,12369,0.6031807661056519
0.507369875907898,1,24746,0.6785150170326233
0.4915545880794525,1,51091,0.7101823091506958
0.5074731707572937,1,2917,0.6783114075660706
0.48746389150619507,1,47220,0.7185390591621399
0.45543068647384644,1,158666,0.7865117788314819
0.498114675283432,1,19695,0.6969249844551086
0.49630647897720337,1,46182,0.7005616426467896
0.5323820114135742,1,17780,0.6303939819335938
0.4475425183773041,0,158091,0.5933787822723389
0.44675177335739136,0,156529,0.5919485092163086
0.44119179248809814,0,240538,0.58194899559021
0.452990859746933,0,90302,0.603289783000946
0.4532887041568756,0,113668,0.6038343906402588
0.43839266896247864,0,216753,0.5769523978233337
0.45478156208992004,0,70398,0.6065687537193298
0.4403809905052185,0,251066,0.5804990530014038
0.4720059633255005,0,137701,0.6386702656745911
0.4811576306819916,0,144199,0.6561551690101624
0.4441027045249939,0,195398,0.587171733379364
0.5177192687988281,0,64456,0.7292289137840271
0.44587820768356323,0,222609,0.590370774269104
