pred,actual,seqs,loss
0.482204794883728,1,67125,0.7293863892555237
0.479391485452652,1,102108,0.735237717628479
0.4835420846939087,1,42867,0.7266169190406799
0.48539280891418457,1,45251,0.7227967977523804
0.49141204357147217,1,13745,0.7104722857475281
0.4843413531780243,1,42684,0.7249653339385986
0.5084347128868103,1,1147,0.6764184832572937
0.48503345251083374,1,20990,0.7235374450683594
0.49427658319473267,1,8244,0.7046600580215454
0.4848501682281494,1,29722,0.7239153385162354
0.48135796189308167,0,146036,0.6565413475036621
0.4810376763343811,0,106275,0.6559240221977234
0.47991302609443665,0,166515,0.653759241104126
0.4828096330165863,0,79946,0.6593442559242249
0.4789246618747711,0,277917,0.6518606543540955
0.4806814193725586,0,156529,0.6552377343177795
0.4814763367176056,0,158091,0.6567696332931519
0.4808388650417328,0,111233,0.655540943145752
0.4837968647480011,0,70398,0.6612549424171448
0.47900304198265076,0,216753,0.6520110964775085
0.48142117261886597,0,219289,0.6566632390022278
0.48113566637039185,0,144199,0.6561128497123718
0.48082616925239563,0,137701,0.655516505241394
