pred,actual,seqs,loss
0.512175977230072,1,18253,0.6690869927406311
0.5106257200241089,1,46182,0.6721184253692627
0.5129196047782898,1,102108,0.6676361560821533
0.5132554173469543,1,23766,0.6669816970825195
0.5147699117660522,1,42684,0.6640352606773376
0.512848436832428,1,68651,0.6677749156951904
0.5128171443939209,1,47220,0.6678359508514404
0.5132462382316589,1,114418,0.6669995784759521
0.512060821056366,1,15029,0.6693118810653687
0.5142378211021423,1,8244,0.6650694608688354
0.5127595663070679,0,107960,0.718997597694397
0.5130460858345032,0,100581,0.7195857763290405
0.5130354762077332,0,74702,0.7195640206336975
0.511746346950531,0,134469,0.7169202566146851
0.5115611553192139,0,277917,0.7165409922599792
0.5116039514541626,0,181554,0.7166286110877991
0.5119894742965698,0,144068,0.7174183130264282
0.5135131478309631,0,77877,0.7205454111099243
0.5128975510597229,0,127696,0.7192808389663696
0.5118853449821472,0,64456,0.7172049283981323
0.5120334029197693,0,139303,0.7175083160400391
0.5118193030357361,0,156529,0.717069685459137
0.5118361115455627,0,82902,0.7171040773391724
