pred,actual,seqs,loss
0.5391318202018738,1,46796,0.6177951693534851
0.6036694645881653,1,12489,0.5047284960746765
0.47477200627326965,1,78545,0.744920551776886
0.6078264713287354,1,7177,0.49786585569381714
0.6183496713638306,1,23459,0.48070114850997925
0.48930346965789795,1,68651,0.7147724032402039
0.5085750818252563,1,17780,0.6761423945426941
0.4905945062637329,1,96926,0.7121373414993286
0.5751954317092896,1,8244,0.553045392036438
0.5179564952850342,1,88862,0.6578640341758728
0.42661893367767334,0,177046,0.5562047362327576
0.4656560719013214,0,92854,0.6267156004905701
0.4246329069137573,0,195398,0.5527470111846924
0.44577887654304504,0,111859,0.5901915431022644
0.4461193084716797,0,146036,0.5908060073852539
0.4386270046234131,0,114695,0.5773696899414062
0.4454898536205292,0,72024,0.5896701812744141
0.44497790932655334,0,96990,0.5887473821640015
0.4392703175544739,0,100581,0.5785163640975952
0.4305116832256317,0,144068,0.5630170106887817
0.4817884862422943,0,80171,0.6573718190193176
0.44608446955680847,0,79946,0.5907430648803711
0.44730958342552185,0,91332,0.5929572582244873
0.4379172623157501,0,87892,0.5761061906814575
