pred,actual,seqs,loss
0.5123894214630127,1,46796,0.6686703562736511
0.5511178374290466,1,12489,0.5958066582679749
0.4851938784122467,1,78545,0.7232066988945007
0.5547818541526794,1,7177,0.5891802906990051
0.5501480102539062,1,23459,0.5975679159164429
0.4863888919353485,1,68651,0.7207468152046204
0.5047525763511658,1,17780,0.6836869120597839
0.49605923891067505,1,96926,0.7010599374771118
0.5341571569442749,1,8244,0.6270651817321777
0.49937090277671814,1,88862,0.6944061517715454
0.46352481842041016,0,177046,0.6227349638938904
0.47880423069000244,0,92854,0.6516295671463013
0.4652383327484131,0,195398,0.6259341239929199
0.4756752848625183,0,111859,0.6456441283226013
0.47531694173812866,0,146036,0.644960880279541
0.4712071120738983,0,114695,0.6371584534645081
0.4748173654079437,0,72024,0.6440092325210571
0.47058141231536865,0,96990,0.6359758973121643
0.4695475995540619,0,100581,0.6340250372886658
0.46838313341140747,0,144068,0.6318322420120239
0.49044954776763916,0,80171,0.6742264032363892
0.4727553129196167,0,79946,0.6400905251502991
0.4739493727684021,0,91332,0.6423578262329102
0.47342246770858765,0,87892,0.6413567066192627
