pred,actual,seqs,loss
0.48555412888526917,1,68651,0.7224645018577576
0.4840564429759979,1,46182,0.7255537509918213
0.4829236567020416,1,29270,0.7278966903686523
0.487752765417099,1,48049,0.7179466485977173
0.48484647274017334,1,238997,0.7239229679107666
0.4822046756744385,1,133752,0.7293866276741028
0.4864846169948578,1,8244,0.720550000667572
0.4834270477294922,1,22187,0.7268548607826233
0.48310643434524536,1,5658,0.7275183200836182
0.4840148091316223,1,102108,0.7256397604942322
0.4838586449623108,0,166515,0.6613746285438538
0.48153623938560486,0,156529,0.6568851470947266
0.4805079698562622,0,90302,0.6549038290977478
0.4835137724876404,0,134340,0.660706639289856
0.48490262031555176,0,91221,0.663399338722229
0.4826580286026001,0,132154,0.6590511798858643
0.48307138681411743,0,146312,0.6598504781723022
0.48295825719833374,0,248271,0.6596316695213318
0.4835388660430908,0,80171,0.6607552170753479
0.4820336401462555,0,106275,0.6578449606895447
0.48197445273399353,0,152433,0.6577306985855103
0.47981470823287964,0,101001,0.6535701751708984
0.4839296042919159,0,82902,0.6615120768547058
0.48442715406417847,0,91332,0.662476658821106
