pred,actual,seqs,loss
0.509740948677063,1,13528,0.6738526225090027
0.5008386969566345,1,29270,0.6914712190628052
0.526477038860321,1,1741,0.6415475606918335
0.4956599771976471,1,102108,0.7018651366233826
0.49775251746177673,1,73562,0.697652280330658
0.5023170709609985,1,19978,0.6885237693786621
0.5107365250587463,1,7177,0.6719014048576355
0.5033618807792664,1,27231,0.686445951461792
0.5025431513786316,1,47220,0.6880737543106079
0.5024163722991943,1,42684,0.6883260607719421
0.4940224587917328,0,127278,0.6812629699707031
0.49730774760246277,0,113668,0.6877771019935608
0.49623414874076843,0,257248,0.6856436729431152
0.4988102614879608,0,82902,0.6907705068588257
0.49850431084632874,0,100581,0.6901602745056152
0.49215298891067505,0,238661,0.6775750517845154
0.4953892230987549,0,139303,0.6839678883552551
0.49614667892456055,0,107960,0.6854701042175293
0.49702683091163635,0,158091,0.687218427658081
0.4959055185317993,0,123268,0.6849915385246277
0.49873262643814087,0,72024,0.6906156539916992
0.5039792060852051,0,37149,0.7011374235153198
0.49730655550956726,0,240538,0.6877747774124146
