pred,actual,seqs,loss
0.46350207924842834,1,158666,0.7689443826675415
0.4990394711494446,1,13528,0.6950700879096985
0.5002531409263611,1,8244,0.692641019821167
0.47263985872268677,1,177069,0.7494215965270996
0.47596386075019836,1,47220,0.742413341999054
0.4868085980415344,1,19695,0.7198842763900757
0.49831199645996094,1,17700,0.6965289115905762
0.4943084418773651,1,20990,0.7045955657958984
0.5025174617767334,1,15029,0.6881248950958252
0.4905405342578888,1,17780,0.712247371673584
0.4685583710670471,0,70398,0.6321619153022766
0.46127039194107056,0,256067,0.6185414791107178
0.470112144947052,0,80920,0.6350898742675781
0.46256208419799805,0,195398,0.6209420561790466
0.4585692882537842,0,146312,0.6135401725769043
0.48099473118782043,0,110696,0.6558412313461304
0.45497623085975647,0,135911,0.6069258451461792
0.4802517294883728,0,77877,0.6544106602668762
0.45690077543258667,0,145881,0.6104632616043091
0.46446019411087036,0,145434,0.6244800686836243
0.4600830674171448,0,147543,0.6163399815559387
0.4726599454879761,0,107455,0.6399096846580505
0.45107290148735046,0,181554,0.5997896194458008
