pred,actual,seqs,loss
0.46002987027168274,1,158666,0.7764638662338257
0.5200628638267517,1,13528,0.6538056135177612
0.5229201316833496,1,8244,0.6483265161514282
0.4709157645702362,1,177069,0.7530760765075684
0.4828139841556549,1,47220,0.7281238436698914
0.4946236312389374,1,19695,0.7039581537246704
0.5144481062889099,1,17700,0.6646605730056763
0.5073862671852112,1,20990,0.678482711315155
0.5234021544456482,1,15029,0.6474051475524902
0.5089207887649536,1,17780,0.6754629015922546
0.47270819544792175,0,70398,0.6400011777877808
0.4588734209537506,0,256067,0.6141020655632019
0.4717382490634918,0,80920,0.6381633877754211
0.4577859938144684,0,195398,0.612094521522522
0.45264050364494324,0,146312,0.602649450302124
0.4879283607006073,0,110696,0.6692907214164734
0.45038625597953796,0,135911,0.5985395312309265
0.48144030570983887,0,77877,0.6567001342773438
0.451514333486557,0,145881,0.600594162940979
0.46100321412086487,0,145434,0.6180456876754761
0.4555630087852478,0,147543,0.6080030798912048
0.4766193926334381,0,107455,0.64744633436203
0.44396141171455383,0,181554,0.5869175791740417
