pred,actual,seqs,loss
0.46951282024383545,1,46796,0.7560596466064453
0.47460776567459106,1,7370,0.7452665567398071
0.47225484251976013,1,48049,0.7502365112304688
0.4777820110321045,1,12489,0.7386006712913513
0.47321343421936035,1,177069,0.74820876121521
0.4740508198738098,1,20990,0.7464407682418823
0.4737071394920349,1,13528,0.7471659779548645
0.47932371497154236,1,8244,0.7353790998458862
0.46987026929855347,1,24746,0.7552986741065979
0.4801678955554962,1,1519,0.7336194515228271
0.468726247549057,0,126860,0.632477879524231
0.4702335000038147,0,93980,0.63531893491745
0.46994781494140625,0,134469,0.6347798109054565
0.4678249657154083,0,152433,0.6307828426361084
0.47049036622047424,0,37149,0.6358039379119873
0.4697684347629547,0,132154,0.6344414353370667
0.46720126271247864,0,158091,0.6296115517616272
0.46814244985580444,0,137701,0.6313796043395996
0.4681433439254761,0,70398,0.6313812732696533
0.4701423943042755,0,64456,0.635146975517273
0.4681459367275238,0,80920,0.6313861608505249
0.4750572144985199,0,82902,0.644465982913971
0.4765092432498932,0,145881,0.6472359299659729
