pred,actual,seqs,loss
0.5098040103912354,1,13528,0.6737289428710938
0.5017762780189514,1,29270,0.689600944519043
0.5248766541481018,1,1741,0.6445919871330261
0.4969223737716675,1,102108,0.699321448802948
0.4989131987094879,1,73562,0.6953231692314148
0.5031763315200806,1,19978,0.6868146061897278
0.510604739189148,1,7177,0.6721594929695129
0.5040237307548523,1,27231,0.6851319074630737
0.5032799243927002,1,47220,0.6866087317466736
0.5030596256256104,1,42684,0.6870465874671936
0.4955974817276001,0,127278,0.6843807101249695
0.4985973834991455,0,113668,0.6903458833694458
0.497488409280777,0,257248,0.6881365776062012
0.49993646144866943,0,82902,0.6930201053619385
0.4995836615562439,0,100581,0.692314863204956
0.49379509687423706,0,238661,0.680813729763031
0.4967065155506134,0,139303,0.6865817904472351
0.49734756350517273,0,107960,0.6878563165664673
0.49817466735839844,0,158091,0.6895031929016113
0.4973624646663666,0,123268,0.6878859996795654
0.49988773465156555,0,72024,0.6929226517677307
0.5047926306724548,0,37149,0.702778697013855
0.4985077977180481,0,240538,0.690167248249054
