pred,actual,seqs,loss
0.4505630433559418,1,158666,0.7972573041915894
0.5623142719268799,1,13528,0.5756943821907043
0.5768999457359314,1,8244,0.5500864386558533
0.4783596694469452,1,177069,0.7373923659324646
0.48313871026039124,1,47220,0.727451503276825
0.4999116361141205,1,19695,0.6933239102363586
0.5512023568153381,1,17700,0.5956532955169678
0.5366320013999939,1,20990,0.6224427223205566
0.5767910480499268,1,15029,0.5502752065658569
0.5403947830200195,1,17780,0.6154553294181824
0.4712793231010437,0,70398,0.6372950077056885
0.4418747127056122,0,256067,0.5831718444824219
0.4587205946445465,0,80920,0.6138196587562561
0.430318146944046,0,195398,0.562677264213562
0.4268825650215149,0,146312,0.5566646456718445
0.4919706881046295,0,110696,0.677216112613678
0.41893619298934937,0,135911,0.542894721031189
0.49111583828926086,0,77877,0.6755348443984985
0.43087300658226013,0,145881,0.5636516809463501
0.4426999092102051,0,145434,0.5846514105796814
0.43074139952659607,0,147543,0.5634204745292664
0.4691987931728363,0,107455,0.6333677172660828
0.3966195285320282,0,181554,0.5052073001861572
