pred,actual,seqs,loss
0.4972408413887024,1,18253,0.6986807584762573
0.49831074476242065,1,46182,0.6965314149856567
0.4938116669654846,1,102108,0.7056010961532593
0.4975759983062744,1,23766,0.6980069875717163
0.49568891525268555,1,42684,0.7018067240715027
0.49240443110466003,1,68651,0.7084549069404602
0.49363207817077637,1,47220,0.7059648036956787
0.49168670177459717,1,114418,0.7099135518074036
0.4973398745059967,1,15029,0.6984816193580627
0.5054216980934143,1,8244,0.6823621392250061
0.4876728057861328,0,107960,0.6687918305397034
0.4843270182609558,0,100581,0.6622824668884277
0.48660075664520264,0,74702,0.6667014956474304
0.48580050468444824,0,134469,0.6651439666748047
0.48222750425338745,0,277917,0.6582193374633789
0.48205703496932983,0,181554,0.6578901410102844
0.49038785696029663,0,144068,0.6741053462028503
0.4856801927089691,0,77877,0.6649100184440613
0.48470789194107056,0,127696,0.6630213260650635
0.48709434270858765,0,64456,0.6676633358001709
0.4908467233181,0,139303,0.6750061511993408
0.4866037666797638,0,156529,0.6667073369026184
0.4864364266395569,0,82902,0.6663814783096313
