pred,actual,seqs,loss
0.41293612122535706,1,96926,0.8844623565673828
0.5557106137275696,1,27231,0.5875076055526733
0.5337609052658081,1,18253,0.6278072595596313
0.6298038363456726,1,45251,0.4623468816280365
0.5090286135673523,1,22187,0.6752510666847229
0.46539679169654846,1,42867,0.7648649215698242
0.5217460989952087,1,78545,0.6505742073059082
0.6011389493942261,1,7177,0.5089291930198669
0.5934977531433105,1,14303,0.5217218399047852
0.4358513653278351,1,29722,0.8304539918899536
0.5055360198020935,0,98249,0.7042809724807739
0.4107078015804291,0,87892,0.5288331508636475
0.40835270285606384,0,204472,0.5248445868492126
0.4100748300552368,0,248271,0.5277595520019531
0.41165074706077576,0,190795,0.5304345488548279
0.597305178642273,0,71134,0.9095762968063354
0.4064924716949463,0,219289,0.5217053890228271
0.4183197617530823,0,222609,0.5418344140052795
0.41117653250694275,0,96990,0.5296288728713989
0.4223620891571045,0,114695,0.5488080382347107
0.4083526134490967,0,162601,0.5248444676399231
0.4153968095779419,0,107960,0.5368219614028931
0.4736010730266571,0,87367,0.6416959166526794
