pred,actual,seqs,loss
0.44579043984413147,1,96926,0.8079063296318054
0.5271630883216858,1,27231,0.6402453184127808
0.5099406242370605,1,18253,0.6734609603881836
0.5739884972572327,1,45251,0.5551459193229675
0.5000067353248596,1,22187,0.6931337118148804
0.4783722758293152,1,42867,0.7373660206794739
0.5074824094772339,1,78545,0.6782932281494141
0.5529862642288208,1,7177,0.5924221277236938
0.5479647517204285,1,14303,0.6015443205833435
0.4607504904270172,1,29722,0.7748986482620239
0.5001618266105652,0,98249,0.6934708952903748
0.4419618844985962,0,87892,0.5833280086517334
0.4411509931087494,0,204472,0.5818759799003601
0.4421916902065277,0,248271,0.5837398767471313
0.44223934412002563,0,190795,0.5838253498077393
0.5543844103813171,0,71134,0.8082985877990723
0.43823012709617615,0,219289,0.5766630172729492
0.4477217197418213,0,222609,0.5937032103538513
0.4446517527103424,0,96990,0.5881599187850952
0.4491084814071655,0,114695,0.5962173938751221
0.44287827610969543,0,162601,0.58497154712677
0.44703471660614014,0,107960,0.592460036277771
0.4789341390132904,0,87367,0.651878833770752
