pred,actual,seqs,loss
0.4925070106983185,1,46796,0.7082465887069702
0.5000425577163696,1,7370,0.6930620670318604
0.4931926429271698,1,48049,0.7068554162979126
0.5008906722068787,1,12489,0.6913674473762512
0.491485059261322,1,177069,0.7103237509727478
0.49494948983192444,1,20990,0.7032995820045471
0.4971083402633667,1,13528,0.6989473104476929
0.5022587180137634,1,8244,0.6886399388313293
0.4924950897693634,1,24746,0.708270788192749
0.5081116557121277,1,1519,0.6770540475845337
0.48771339654922485,0,126860,0.6688710451126099
0.4893406331539154,0,93980,0.6720525026321411
0.4901076555252075,0,134469,0.6735556721687317
0.48772603273391724,0,152433,0.6688957214355469
0.4915207624435425,0,37149,0.6763309240341187
0.48945334553718567,0,132154,0.6722732782363892
0.4874630272388458,0,158091,0.6683824062347412
0.48798105120658875,0,137701,0.6693936586380005
0.48888489603996277,0,70398,0.6711604595184326
0.4892347455024719,0,64456,0.6718451976776123
0.489666223526001,0,80920,0.6726903319358826
0.4935011863708496,0,82902,0.6802332997322083
0.4933770000934601,0,145881,0.6799881458282471
