pred,actual,seqs,loss
0.4995190501213074,1,18253,0.6941095590591431
0.4997715353965759,1,46182,0.6936042308807373
0.5001406669616699,1,102108,0.6928659081459045
0.5025503635406494,1,23766,0.6880594491958618
0.4997153580188751,1,42684,0.6937166452407837
0.4977578818798065,1,68651,0.6976414918899536
0.5004416704177856,1,47220,0.6922642588615417
0.501286506652832,1,114418,0.6905774474143982
0.5008383989334106,1,15029,0.6914718151092529
0.5046069622039795,1,8244,0.6839754581451416
0.49773406982421875,0,107960,0.6886255741119385
0.49626466631889343,0,100581,0.6857042908668518
0.49898532032966614,0,74702,0.691119909286499
0.4950920641422272,0,134469,0.6833791732788086
0.49472495913505554,0,277917,0.6826523542404175
0.49483078718185425,0,181554,0.6828618049621582
0.49634525179862976,0,144068,0.685864269733429
0.49756869673728943,0,77877,0.688296377658844
0.49601009488105774,0,127696,0.6851990222930908
0.4973873198032379,0,64456,0.6879354119300842
0.49755144119262695,0,139303,0.6882620453834534
0.4954785108566284,0,156529,0.6841448545455933
0.49452799558639526,0,82902,0.6822625994682312
