pred,actual,seqs,loss
0.6605044603347778,1,102108,0.41475141048431396
0.6527866125106812,1,12369,0.4265049993991852
0.5487054586410522,1,24746,0.6001935005187988
0.5202333927154541,1,51091,0.6534777283668518
0.5596840977668762,1,2917,0.580382764339447
0.5078203678131104,1,47220,0.6776275038719177
0.42303594946861267,1,158666,0.8602980971336365
0.5228437781333923,1,19695,0.6484725475311279
0.5224134922027588,1,46182,0.6492958664894104
0.6046836972236633,1,17780,0.5030497908592224
0.41299307346343994,0,158091,0.5327186584472656
0.4109514057636261,0,156529,0.5292465686798096
0.3963915705680847,0,240538,0.5048295855522156
0.41754618287086487,0,90302,0.5405054092407227
0.4257892072200775,0,113668,0.5547587275505066
0.39146310091018677,0,216753,0.49669772386550903
0.4252738654613495,0,70398,0.5538616180419922
0.3956114649772644,0,251066,0.5035380125045776
0.46819254755973816,0,137701,0.6314737796783447
0.483562707901001,0,144199,0.6608014106750488
0.40244588255882263,0,195398,0.5149104595184326
0.5773947238922119,0,64456,0.8613166809082031
0.4030097723007202,0,222609,0.51585453748703
