pred,actual,seqs,loss
0.48006612062454224,1,46796,0.7338314056396484
0.4860711395740509,1,7370,0.721400260925293
0.48187902569770813,1,48049,0.7300621867179871
0.4892021119594574,1,12489,0.7149795293807983
0.4837619960308075,1,177069,0.7261622548103333
0.48434367775917053,1,20990,0.7249605655670166
0.4846854507923126,1,13528,0.7242551445960999
0.49198028445243835,1,8244,0.709316611289978
0.48023101687431335,1,24746,0.7334880232810974
0.49329328536987305,1,1519,0.7066513895988464
0.4778112471103668,0,126860,0.649726152420044
0.4791770577430725,0,93980,0.6523451209068298
0.479330837726593,0,134469,0.6526404619216919
0.4770248532295227,0,152433,0.6482213139533997
0.4800918400287628,0,37149,0.6541031002998352
0.4787205159664154,0,132154,0.6514689326286316
0.47648510336875916,0,158091,0.6471897959709167
0.47739243507385254,0,137701,0.6489244699478149
0.47786813974380493,0,70398,0.6498351097106934
0.47893425822257996,0,64456,0.651879072189331
0.4778994917869568,0,80920,0.649895191192627
0.484012246131897,0,82902,0.6616722345352173
0.48702192306518555,0,145881,0.6675221920013428
