pred,actual,seqs,loss
0.4935702383518219,1,46796,0.7060900926589966
0.508920431137085,1,7370,0.6754636168479919
0.49394145607948303,1,48049,0.7053382992744446
0.50216144323349,1,12489,0.6888335943222046
0.4863748252391815,1,177069,0.7207757234573364
0.4956907331943512,1,20990,0.7018030881881714
0.4991016387939453,1,13528,0.6949455142021179
0.5020745396614075,1,8244,0.6890066862106323
0.49627482891082764,1,24746,0.7006254196166992
0.5136839747428894,1,1519,0.6661470532417297
0.4855770766735077,0,126860,0.6647095680236816
0.49008896946907043,0,93980,0.6735190153121948
0.4900057315826416,0,134469,0.6733558177947998
0.48873019218444824,0,152433,0.670857846736908
0.4935087263584137,0,37149,0.6802482008934021
0.48902809619903564,0,132154,0.6714406609535217
0.4868924617767334,0,158091,0.6672698259353638
0.4872099757194519,0,137701,0.6678888201713562
0.4897093176841736,0,70398,0.6727747321128845
0.4899555444717407,0,64456,0.6732574105262756
0.4913427233695984,0,80920,0.675980806350708
0.491294264793396,0,82902,0.6758855581283569
0.4872397482395172,0,145881,0.6679468750953674
