pred,actual,seqs,loss
0.47234493494033813,1,67125,0.7500457763671875
0.470327228307724,1,102108,0.754326581954956
0.47367873787879944,1,42867,0.7472259402275085
0.4746147096157074,1,45251,0.7452519536018372
0.47899144887924194,1,13745,0.7360725402832031
0.4744566082954407,1,42684,0.7455850839614868
0.492275208234787,1,1147,0.7087173461914062
0.4744615852832794,1,20990,0.7455745935440063
0.4811047613620758,1,8244,0.7316702604293823
0.4745261073112488,1,29722,0.7454386353492737
0.4720882475376129,0,146036,0.6388261318206787
0.4717878997325897,0,106275,0.6382573843002319
0.4709758758544922,0,166515,0.6367212533950806
0.4733279049396515,0,79946,0.6411771178245544
0.47001969814300537,0,277917,0.6349154710769653
0.47150394320487976,0,156529,0.6377199292182922
0.4722074270248413,0,158091,0.6390519142150879
0.4719119071960449,0,111233,0.6384921669960022
0.4739115536212921,0,70398,0.642285943031311
0.4701760411262512,0,216753,0.6352104544639587
0.472201943397522,0,219289,0.639041543006897
0.4721876382827759,0,144199,0.6390144228935242
0.47172656655311584,0,137701,0.6381412744522095
