pred,actual,seqs,loss
0.4728896915912628,1,67125,0.748893141746521
0.47085046768188477,1,102108,0.7532147169113159
0.47422274947166443,1,42867,0.7460781335830688
0.47518062591552734,1,45251,0.7440602779388428
0.4796448051929474,1,13745,0.7347094416618347
0.4749915301799774,1,42684,0.7444583177566528
0.49306735396385193,1,1147,0.7071095108985901
0.47503647208213806,1,20990,0.7443636655807495
0.4817953407764435,1,8244,0.7302358746528625
0.47508952021598816,1,29722,0.7442520260810852
0.4726127088069916,0,146036,0.6398200988769531
0.4723227024078369,0,106275,0.6392703652381897
0.47149091958999634,0,166515,0.6376953125
0.4738553464412689,0,79946,0.6421790719032288
0.47054463624954224,0,277917,0.6359063982963562
0.47202950716018677,0,156529,0.6387149095535278
0.4727226495742798,0,158091,0.6400285959243774
0.47242847084999084,0,111233,0.6394708156585693
0.47444912791252136,0,70398,0.6433082818984985
0.470686137676239,0,216753,0.6361737251281738
0.4727290868759155,0,219289,0.6400408148765564
0.47269466519355774,0,144199,0.6399755477905273
0.4722428321838379,0,137701,0.639119029045105
