pred,actual,seqs,loss
0.4930158853530884,1,46796,0.7072138786315918
0.5010130405426025,1,7370,0.6911231279373169
0.4935734272003174,1,48049,0.7060836553573608
0.501230776309967,1,12489,0.6906886696815491
0.49117690324783325,1,177069,0.7109509110450745
0.49518918991088867,1,20990,0.7028154134750366
0.49751946330070496,1,13528,0.6981205940246582
0.5023167133331299,1,8244,0.6885244846343994
0.4931689202785492,1,24746,0.7069035172462463
0.5089542865753174,1,1519,0.6753970980644226
0.4878276288509369,0,126860,0.6690940260887146
0.4896373450756073,0,93980,0.672633707523346
0.49025407433509827,0,134469,0.6738428473472595
0.4880361258983612,0,152433,0.6695012450218201
0.4918844997882843,0,37149,0.6770464777946472
0.48963484168052673,0,132154,0.6726288199424744
0.4876963198184967,0,158091,0.6688377261161804
0.48825451731681824,0,137701,0.6699278950691223
0.4892210066318512,0,70398,0.6718182563781738
0.48963379859924316,0,64456,0.672626793384552
0.490234375,0,80920,0.6738042235374451
0.49345508217811584,0,82902,0.6801422834396362
0.4927386939525604,0,145881,0.6787289977073669
