pred,actual,seqs,loss
0.47791048884391785,1,46796,0.7383318543434143
0.48380568623542786,1,7370,0.7260719537734985
0.47988155484199524,1,48049,0.7342159748077393
0.48694974184036255,1,12489,0.7195943593978882
0.4817620813846588,1,177069,0.7303048968315125
0.48231253027915955,1,20990,0.7291629910469055
0.48244842886924744,1,13528,0.7288812398910522
0.4895559549331665,1,8244,0.7142565250396729
0.47815075516700745,1,24746,0.7378292083740234
0.4907373785972595,1,1519,0.7118461728096008
0.47590553760528564,0,126860,0.6460833549499512
0.4773511290550232,0,93980,0.6488454341888428
0.4773978590965271,0,134469,0.6489348411560059
0.4750983417034149,0,152433,0.6445443630218506
0.47811445593833923,0,37149,0.6503069996833801
0.47684210538864136,0,132154,0.6478719711303711
0.47447317838668823,0,158091,0.643354058265686
0.47548454999923706,0,137701,0.6452804207801819
0.4758656919002533,0,70398,0.6460072994232178
0.47714120149612427,0,64456,0.6484438180923462
0.4758932292461395,0,80920,0.6460598707199097
0.4822360575199127,0,82902,0.6582358479499817
0.484967440366745,0,145881,0.6635251641273499
