pred,actual,seqs,loss
0.5737193822860718,1,5658,0.5556148886680603
0.6036375164985657,1,13528,0.5047813653945923
0.488841712474823,1,158666,0.715716540813446
0.6083064079284668,1,1519,0.4970765709877014
0.49067848920822144,1,78545,0.7119661569595337
0.5721182823181152,1,12369,0.5584095120429993
0.4358541667461395,1,96926,0.8304475545883179
0.4348313808441162,1,238997,0.8327969312667847
0.5732560157775879,1,15029,0.5564228296279907
0.47993871569633484,1,51091,0.734096884727478
0.42766961455345154,0,106275,0.5580388307571411
0.44521772861480713,0,80171,0.589179515838623
0.4263173043727875,0,167489,0.5556788444519043
0.4437030851840973,0,166515,0.5864530801773071
0.41221579909324646,0,127696,0.531395435333252
0.5266478657722473,0,37149,0.7479156851768494
0.42932337522506714,0,87892,0.5609325766563416
0.4272744655609131,0,98249,0.5573486685752869
0.4458503723144531,0,111859,0.5903205275535583
0.4236791431903839,0,144199,0.5510907173156738
0.434933602809906,0,127930,0.5708120465278625
0.41837918758392334,0,137701,0.5419365763664246
0.546552836894989,0,64456,0.7908765077590942
