pred,actual,seqs,loss
0.4807153642177582,1,67125,0.7324799299240112
0.4780951738357544,1,102108,0.7379454374313354
0.48200634121894836,1,42867,0.7297980189323425
0.48367926478385925,1,45251,0.7263332605361938
0.4894123673439026,1,13745,0.7145498394966125
0.48276835680007935,1,42684,0.7282183170318604
0.5055878162384033,1,1147,0.6820335388183594
0.4833744466304779,1,20990,0.7269636988639832
0.4921102523803711,1,8244,0.7090525031089783
0.4832431375980377,1,29722,0.7272353768348694
0.47997117042541504,0,146036,0.6538710594177246
0.47967684268951416,0,106275,0.6533052325248718
0.4786035418510437,0,166515,0.651244580745697
0.48135194182395935,0,79946,0.6565297245979309
0.4776723086833954,0,277917,0.6494601368904114
0.4793630540370941,0,156529,0.6527023315429688
0.48009324073791504,0,158091,0.6541057825088501
0.4795244038105011,0,111233,0.6530122756958008
0.48225346207618713,0,70398,0.658269464969635
0.47773683071136475,0,216753,0.649583637714386
0.480027437210083,0,219289,0.6539792418479919
0.4797888994216919,0,144199,0.6535205841064453
0.4794611930847168,0,137701,0.6528908610343933
