pred,actual,seqs,loss
0.5089760422706604,1,46796,0.6753543615341187
0.5452481508255005,1,12489,0.6065142750740051
0.4869685471057892,1,78545,0.7195557355880737
0.549527108669281,1,7177,0.5986971855163574
0.542366087436676,1,23459,0.6118140816688538
0.4863295555114746,1,68651,0.7208687663078308
0.5044499635696411,1,17780,0.6842866539955139
0.4963366687297821,1,96926,0.7005008459091187
0.5295266509056091,1,8244,0.6357718110084534
0.4976678788661957,1,88862,0.6978223323822021
0.4683969020843506,0,177046,0.6318581104278564
0.4808930456638336,0,92854,0.6556453704833984
0.47070324420928955,0,195398,0.6362060308456421
0.4800278842449188,0,111859,0.6539800763130188
0.4793046712875366,0,146036,0.6525902152061462
0.47558456659317017,0,114695,0.6454710960388184
0.479022741317749,0,72024,0.6520488858222961
0.4741237461566925,0,96990,0.6426893472671509
0.4734461009502411,0,100581,0.6414015889167786
0.4733057916164398,0,144068,0.6411351561546326
0.49186742305755615,0,80171,0.6770128607749939
0.4768722355365753,0,79946,0.6479295492172241
0.4769718050956726,0,91332,0.6481199264526367
0.4779391288757324,0,87892,0.649971067905426
