pred,actual,seqs,loss
0.4680595397949219,1,67125,0.7591598033905029
0.4661455452442169,1,102108,0.7632573843002319
0.46936503052711487,1,42867,0.7563744783401489
0.47015294432640076,1,45251,0.7546972036361694
0.4739971458911896,1,13745,0.7465539574623108
0.4702269434928894,1,42684,0.7545398473739624
0.48632052540779114,1,1147,0.7208873629570007
0.4699794054031372,1,20990,0.7550663948059082
0.4758153259754181,1,8244,0.7427254915237427
0.47012802958488464,1,29722,0.7547501921653748
0.4679012894630432,0,146036,0.630926251411438
0.467530757188797,0,106275,0.6302301287651062
0.4668567478656769,0,166515,0.6289651393890381
0.46917465329170227,0,79946,0.6333222389221191
0.4658450186252594,0,277917,0.6270692348480225
0.4673217236995697,0,156529,0.6298376321792603
0.4680948555469513,0,158091,0.631290078163147
0.46778956055641174,0,111233,0.6307163238525391
0.46963903307914734,0,70398,0.6341974139213562
0.46610456705093384,0,216753,0.627555251121521
0.46806174516677856,0,219289,0.6312278509140015
0.4681747853755951,0,144199,0.6314404010772705
0.4676547646522522,0,137701,0.6304630637168884
