pred,actual,seqs,loss
0.5081403851509094,1,18253,0.6769975423812866
0.506516695022583,1,46182,0.6801980137825012
0.5092294216156006,1,102108,0.6748566627502441
0.5097900629043579,1,23766,0.6737563014030457
0.5109979510307312,1,42684,0.6713896989822388
0.5088933110237122,1,68651,0.6755169034004211
0.5093280076980591,1,47220,0.6746630668640137
0.5096832513809204,1,114418,0.6739658117294312
0.5084430575370789,1,15029,0.6764020323753357
0.5109449625015259,1,8244,0.671493411064148
0.5085939764976501,0,107960,0.7104845643043518
0.5090238451957703,0,100581,0.7113597393035889
0.5091254115104675,0,74702,0.7115666270256042
0.50733882188797,0,134469,0.7079336047172546
0.507112979888916,0,277917,0.7074753046035767
0.5073336362838745,0,181554,0.7079230546951294
0.5074598789215088,0,144068,0.7081793546676636
0.5094637274742126,0,77877,0.7122560739517212
0.50868821144104,0,127696,0.710676372051239
0.5076968669891357,0,64456,0.7086606025695801
0.5080202221870422,0,139303,0.709317684173584
0.5075832009315491,0,156529,0.708429753780365
0.5072759389877319,0,82902,0.7078059911727905
