pred,actual,seqs,loss
0.49741607904434204,1,18253,0.69832843542099
0.49855923652648926,1,46182,0.6960328817367554
0.49711859226226807,1,102108,0.6989266872406006
0.5009315013885498,1,23766,0.6912859082221985
0.49781253933906555,1,42684,0.6975317001342773
0.4950363039970398,1,68651,0.7031241655349731
0.4977622628211975,1,47220,0.6976327300071716
0.49943238496780396,1,114418,0.6942830681800842
0.49839353561401367,1,15029,0.6963652968406677
0.503704845905304,1,8244,0.6857647895812988
0.49437591433525085,0,107960,0.6819617748260498
0.49259257316589355,0,100581,0.6784409880638123
0.4956384301185608,0,74702,0.6844618916511536
0.49216291308403015,0,134469,0.6775946021080017
0.4913349151611328,0,277917,0.6759654879570007
0.49086201190948486,0,181554,0.6750361919403076
0.4944829046726227,0,144068,0.6821734309196472
0.49370837211608887,0,77877,0.6806424260139465
0.4927620589733124,0,127696,0.6787750720977783
0.4943423569202423,0,64456,0.6818954348564148
0.4956492483615875,0,139303,0.6844832897186279
0.49230989813804626,0,156529,0.677884042263031
0.49100279808044434,0,82902,0.6753127574920654
