pred,actual,seqs,loss
0.5178326368331909,1,46796,0.6581031680107117
0.5625776052474976,1,12489,0.5752261877059937
0.4807911813259125,1,78545,0.7323222160339355
0.5653316974639893,1,7177,0.5703426599502563
0.5649806261062622,1,23459,0.5709638595581055
0.4859384000301361,1,68651,0.7216734290122986
0.5038655996322632,1,17780,0.6854457259178162
0.49390488862991333,1,96926,0.7054123282432556
0.5427135229110718,1,8244,0.611173689365387
0.5026010274887085,1,88862,0.6879585981369019
0.45363080501556396,0,177046,0.6044603586196899
0.47415241599082947,0,92854,0.6427438855171204
0.45350122451782227,0,195398,0.6042231917381287
0.46672141551971436,0,111859,0.6287113428115845
0.466580867767334,0,146036,0.6284477710723877
0.4624066650867462,0,114695,0.6206529140472412
0.4668636620044708,0,72024,0.6289780735969543
0.4627419412136078,0,96990,0.6212767362594604
0.4613909125328064,0,100581,0.6187652349472046
0.45814943313598633,0,144068,0.6127650141716003
0.48636338114738464,0,80171,0.6662392616271973
0.4649026691913605,0,79946,0.6253066062927246
0.4668821096420288,0,91332,0.6290127038955688
0.46319061517715454,0,87892,0.6221122145652771
