pred,actual,seqs,loss
0.524066686630249,1,13528,0.6461363434791565
0.5210780501365662,1,29270,0.65185546875
0.529653012752533,1,1741,0.6355331540107727
0.5185826420783997,1,102108,0.6566559076309204
0.5195605754852295,1,73562,0.6547718644142151
0.5216027498245239,1,19978,0.6508489847183228
0.5242483019828796,1,7177,0.6457898616790771
0.5217912197113037,1,27231,0.6504877209663391
0.5214879512786865,1,47220,0.6510691046714783
0.5210647583007812,1,42684,0.6518809795379639
0.5181784629821777,0,127278,0.7301815152168274
0.5194002985954285,0,113668,0.7327205538749695
0.5190834999084473,0,257248,0.7320616245269775
0.5203506350517273,0,82902,0.7346999645233154
0.5199181437492371,0,100581,0.7337986826896667
0.5175045132637024,0,238661,0.7287837266921997
0.5189489722251892,0,139303,0.7317819595336914
0.5189530253410339,0,107960,0.7317903637886047
0.5190502405166626,0,158091,0.7319924831390381
0.519127368927002,0,123268,0.7321528196334839
0.5204848647117615,0,72024,0.7349798083305359
0.5223671793937683,0,37149,0.7389129996299744
0.5195020437240601,0,240538,0.7329323291778564
