pred,actual,seqs,loss
0.4517850875854492,1,158666,0.7945486903190613
0.4663764238357544,1,13528,0.762762188911438
0.46603429317474365,1,8244,0.7634960412979126
0.4623118042945862,1,177069,0.7715157270431519
0.45812931656837463,1,47220,0.7806037664413452
0.466519832611084,1,19695,0.7624547481536865
0.4705071449279785,1,17700,0.7539441585540771
0.46670064330101013,1,20990,0.7620672583580017
0.4673309326171875,1,15029,0.7607176303863525
0.4619680345058441,1,17780,0.7722595930099487
0.45353543758392334,0,70398,0.6042858362197876
0.45270836353302,0,256067,0.6027734875679016
0.45202842354774475,0,80920,0.6015318632125854
0.45543816685676575,0,195398,0.6077737808227539
0.44898521900177,0,146312,0.5959936380386353
0.4576006531715393,0,110696,0.6117527484893799
0.4464227855205536,0,135911,0.5913540124893188
0.463480144739151,0,77877,0.6226516962051392
0.44816523790359497,0,145881,0.5945066213607788
0.4548441171646118,0,145434,0.6066834926605225
0.447598397731781,0,147543,0.5934799909591675
0.45704910159111023,0,107455,0.6107363700866699
0.4452805519104004,0,181554,0.5892927646636963
