pred,actual,seqs,loss
0.45977237820625305,1,158666,0.7770237326622009
0.5209854245185852,1,13528,0.6520332098007202
0.5239779353141785,1,8244,0.6463056802749634
0.4708642065525055,1,177069,0.753185510635376
0.4830802381038666,1,47220,0.727572500705719
0.4948767423629761,1,19695,0.7034465670585632
0.5152170062065125,1,17700,0.6631671190261841
0.5079143643379211,1,20990,0.6774424314498901
0.5243822336196899,1,15029,0.6455343961715698
0.5096665620803833,1,17780,0.6739985942840576
0.4728763997554779,0,70398,0.6403202414512634
0.4586412012577057,0,256067,0.6136730313301086
0.4716799855232239,0,80920,0.6380531191825867
0.45732659101486206,0,195398,0.6112475991249084
0.45221012830734253,0,146312,0.6018635034561157
0.488179087638855,0,110696,0.6697804927825928
0.4499719738960266,0,135911,0.5977860689163208
0.48150303959846497,0,77877,0.6568211317062378
0.4510815143585205,0,145881,0.5998053550720215
0.4607149362564087,0,145434,0.617510974407196
0.4551527500152588,0,147543,0.6072497963905334
0.4767301082611084,0,107455,0.6476579308509827
0.44335535168647766,0,181554,0.5858281850814819
