pred,actual,seqs,loss
0.48110851645469666,1,46796,0.7316624522209167
0.48714253306388855,1,7370,0.7191985249519348
0.4828557074069977,1,48049,0.728037416934967
0.49028798937797546,1,12489,0.7127623558044434
0.4846920669078827,1,177069,0.7242414951324463
0.4853183329105377,1,20990,0.7229502201080322
0.48577526211738586,1,13528,0.7220091819763184
0.49310779571533203,1,8244,0.7070274949073792
0.4812198579311371,1,24746,0.7314310073852539
0.4945164918899536,1,1519,0.7041747570037842
0.47873470187187195,0,126860,0.651496171951294
0.4800429344177246,0,93980,0.6540090441703796
0.48027846217155457,0,134469,0.6544620990753174
0.47796058654785156,0,152433,0.650012195110321
0.4810629189014435,0,37149,0.6559726595878601
0.4796344041824341,0,132154,0.6532236337661743
0.4774494469165802,0,158091,0.6490335464477539
0.4783153235912323,0,137701,0.6506919264793396
0.4788404107093811,0,70398,0.6516989469528198
0.4797837436199188,0,64456,0.6535106897354126
0.4788583517074585,0,80920,0.6517333984375
0.48488280177116394,0,82902,0.6633608341217041
0.48795565962791443,0,145881,0.6693440675735474
