pred,actual,seqs,loss
0.5100581049919128,1,13528,0.6732306480407715
0.5026171803474426,1,29270,0.6879264712333679
0.524071455001831,1,1741,0.6461272239685059
0.4979681968688965,1,102108,0.6972190737724304
0.49989333748817444,1,73562,0.6933605074882507
0.5039309859275818,1,19978,0.6853159666061401
0.5107992887496948,1,7177,0.6717785596847534
0.5047045350074768,1,27231,0.6837821006774902
0.5040225386619568,1,47220,0.6851342916488647
0.5036934614181519,1,42684,0.6857874393463135
0.4968302547931671,0,127278,0.6868277192115784
0.4996429979801178,0,113668,0.6924334168434143
0.4985159635543823,0,257248,0.6901835203170776
0.5008686780929565,0,82902,0.6948860287666321
0.5005202293395996,0,100581,0.6941881775856018
0.495037704706192,0,238661,0.6832715272903442
0.49773943424224854,0,139303,0.6886362433433533
0.4983122944831848,0,107960,0.6897774338722229
0.49912029504776,0,158091,0.6913893222808838
0.4985172748565674,0,123268,0.6901861429214478
0.5009180307388306,0,72024,0.6949849128723145
0.5056223273277283,0,37149,0.704455554485321
0.4995100498199463,0,240538,0.6921677589416504
