pred,actual,seqs,loss
0.5519534945487976,1,46796,0.5942915081977844
0.6262075901031494,1,12489,0.46807336807250977
0.4737534821033478,1,78545,0.7470681667327881
0.6318675875663757,1,7177,0.4590754210948944
0.6474136114120483,1,23459,0.4347698986530304
0.492416113615036,1,68651,0.7084311842918396
0.5152822136878967,1,17780,0.6630405187606812
0.4900265634059906,1,96926,0.7132956981658936
0.5926362872123718,1,8244,0.5231744050979614
0.5282592177391052,1,88862,0.6381681561470032
0.4150853157043457,0,177046,0.5362892746925354
0.46285662055015564,0,92854,0.6214902400970459
0.41247493028640747,0,195398,0.5318363904953003
0.43659451603889465,0,111859,0.57375568151474
0.4377325177192688,0,146036,0.5757775902748108
0.42803168296813965,0,114695,0.5586717128753662
0.4362116754055023,0,72024,0.5730764269828796
0.4385482966899872,0,96990,0.5772294998168945
0.42984485626220703,0,100581,0.5618467926979065
0.41851577162742615,0,144068,0.5421714186668396
0.4813091456890106,0,80171,0.6564472317695618
0.4388684034347534,0,79946,0.5777997970581055
0.4394180178642273,0,91332,0.5787797570228577
0.427254855632782,0,87892,0.5573144555091858
