pred,actual,seqs,loss
0.4040769636631012,1,96926,0.9061499238014221
0.5642152428627014,1,27231,0.5723194479942322
0.5404912233352661,1,18253,0.6152768731117249
0.6456084251403809,1,45251,0.43756210803985596
0.5120564103126526,1,22187,0.6693204641342163
0.46270692348480225,1,42867,0.7706614136695862
0.5253161787986755,1,78545,0.6437549591064453
0.6144077777862549,1,7177,0.4870964288711548
0.6065319776535034,1,14303,0.4999978244304657
0.42880216240882874,1,29722,0.8467596173286438
0.5078883767127991,0,98249,0.7090497016906738
0.4011167585849762,0,87892,0.5126886367797852
0.3988860249519348,0,204472,0.5089707374572754
0.4007059633731842,0,248271,0.5120029449462891
0.40255242586135864,0,190795,0.5150887370109558
0.6102031469345093,0,71134,0.9421295523643494
0.39704766869544983,0,219289,0.5059171319007874
0.4097745418548584,0,222609,0.5272506475448608
0.40189483761787415,0,96990,0.5139886736869812
0.41442447900772095,0,114695,0.5351601243019104
0.39886265993118286,0,162601,0.5089318752288818
0.40635448694229126,0,107960,0.5214729309082031
0.47237706184387207,0,87367,0.6393733620643616
