pred,actual,seqs,loss
0.49347957968711853,1,46796,0.7062737941741943
0.5093143582344055,1,7370,0.6746898293495178
0.4938870966434479,1,48049,0.7054483294487
0.5023056864738464,1,12489,0.6885464191436768
0.4860727787017822,1,177069,0.7213969230651855
0.4956309199333191,1,20990,0.7019237279891968
0.49914851784706116,1,13528,0.6948515772819519
0.5021811723709106,1,8244,0.6887943148612976
0.4963211715221405,1,24746,0.7005320191383362
0.5141312479972839,1,1519,0.6652767062187195
0.48527202010154724,0,126860,0.6641167402267456
0.48992720246315,0,93980,0.6732017993927002
0.48984280228614807,0,134469,0.6730363965034485
0.4885547459125519,0,152433,0.670514702796936
0.49345099925994873,0,37149,0.6801342368125916
0.4888639450073242,0,132154,0.6711194515228271
0.48663273453712463,0,158091,0.6667637825012207
0.486964613199234,0,137701,0.6674104332923889
0.48952847719192505,0,70398,0.6724204421043396
0.48985224962234497,0,64456,0.6730548739433289
0.49126020073890686,0,80920,0.6758186221122742
0.49104470014572144,0,82902,0.6753950715065002
0.48690077662467957,0,145881,0.6672860383987427
