pred,actual,seqs,loss
0.6037086844444275,1,102108,0.5046635270118713
0.5960419774055481,1,12369,0.5174441933631897
0.5246480107307434,1,24746,0.6450276970863342
0.5026705265045166,1,51091,0.687820315361023
0.5290864706039429,1,2917,0.6366034150123596
0.4953936040401459,1,47220,0.702402651309967
0.4389476776123047,1,158666,0.8233750462532043
0.5073515176773071,1,19695,0.678551197052002
0.5076828598976135,1,46182,0.6778983473777771
0.5645941495895386,1,17780,0.571648120880127
0.431013286113739,0,158091,0.5638982057571411
0.4289897382259369,0,156529,0.5603480935096741
0.42107170820236206,0,240538,0.5465766787528992
0.43723660707473755,0,90302,0.574895977973938
0.44008785486221313,0,113668,0.5799753665924072
0.4168292284011841,0,216753,0.5392752289772034
0.4408279359340668,0,70398,0.5812980532646179
0.42061054706573486,0,251066,0.5457804203033447
0.47010093927383423,0,137701,0.6350687742233276
0.4805237054824829,0,144199,0.6549341082572937
0.4248866140842438,0,195398,0.5531880855560303
0.54325932264328,0,64456,0.7836394906044006
0.4256144165992737,0,222609,0.5544543266296387
