pred,actual,seqs,loss
0.4850447177886963,1,68651,0.723514199256897
0.4835348427295685,1,46182,0.7266318798065186
0.48240527510643005,1,29270,0.7289707064628601
0.48712509870529175,1,48049,0.7192342877388
0.484259694814682,1,238997,0.7251339554786682
0.48171189427375793,1,133752,0.7304090857505798
0.48582711815834045,1,8244,0.7219024300575256
0.4828457236289978,1,22187,0.7280580997467041
0.4824552834033966,1,5658,0.7288670539855957
0.4835803806781769,1,102108,0.7265377044677734
0.4833906590938568,0,166515,0.660468339920044
0.4811250567436218,0,156529,0.6560924053192139
0.4800969958305359,0,90302,0.6541129946708679
0.4830302298069,0,134340,0.6597709059715271
0.48441097140312195,0,91221,0.6624453067779541
0.48219525814056396,0,132154,0.6581570506095886
0.4825683832168579,0,146312,0.6588779091835022
0.48249635100364685,0,248271,0.6587387323379517
0.48301607370376587,0,80171,0.6597434878349304
0.48160862922668457,0,106275,0.6570248007774353
0.4813846945762634,0,152433,0.6565929055213928
0.4793553948402405,0,101001,0.6526876091957092
0.48335450887680054,0,82902,0.6603983640670776
0.48401302099227905,0,91332,0.6616737246513367
