pred,actual,seqs,loss
0.5220439434051514,1,46796,0.6500034928321838
0.571229875087738,1,12489,0.559963583946228
0.4793046712875366,1,78545,0.7354188561439514
0.5742570757865906,1,7177,0.5546780824661255
0.5763328075408936,1,23459,0.551069974899292
0.48643842339515686,1,68651,0.7206449508666992
0.5034860968589783,1,17780,0.6861991882324219
0.4932467043399811,1,96926,0.7067458033561707
0.549617350101471,1,8244,0.5985329747200012
0.5056901574134827,1,88862,0.6818311214447021
0.4470386505126953,0,177046,0.592467188835144
0.47209855914115906,0,92854,0.638845682144165
0.4467143714427948,0,195398,0.5918809175491333
0.46134600043296814,0,111859,0.6186818480491638
0.4615907073020935,0,146036,0.6191362142562866
0.4569161534309387,0,114695,0.6104915738105774
0.4618690609931946,0,72024,0.6196533441543579
0.4585861265659332,0,96990,0.613571286201477
0.4563027620315552,0,100581,0.6093627214431763
0.4515855610370636,0,144068,0.6007239818572998
0.4850556254386902,0,80171,0.6636964082717896
0.4605076313018799,0,79946,0.6171266436576843
0.462334543466568,0,91332,0.6205187439918518
0.4566959738731384,0,87892,0.61008620262146
