pred,actual,seqs,loss
0.5548394918441772,1,46796,0.5890763998031616
0.6307459473609924,1,12489,0.46085211634635925
0.47412756085395813,1,78545,0.7462788820266724
0.6367286443710327,1,7177,0.45141172409057617
0.6533704996109009,1,23459,0.4256109297275543
0.49331411719322205,1,68651,0.7066091299057007
0.5170244574546814,1,17780,0.6596651077270508
0.49039965867996216,1,96926,0.7125346064567566
0.596167266368866,1,8244,0.5172339677810669
0.53082674741745,1,88862,0.633319616317749
0.4130640923976898,0,177046,0.5328396558761597
0.4628801643848419,0,92854,0.6215340495109558
0.4103386104106903,0,195398,0.5282068252563477
0.43517565727233887,0,111859,0.5712404847145081
0.4364805519580841,0,146036,0.5735534429550171
0.4262430965900421,0,114695,0.5555495023727417
0.4348266124725342,0,72024,0.5706226825714111
0.43783387541770935,0,96990,0.5759578943252563
0.4282325506210327,0,100581,0.5590229034423828
0.41658562421798706,0,144068,0.5388575792312622
0.4817526042461395,0,80171,0.6573025584220886
0.4379332661628723,0,79946,0.5761346817016602
0.43817490339279175,0,91332,0.5765646696090698
0.4255290925502777,0,87892,0.5543057918548584
