pred,actual,seqs,loss
0.4323996603488922,1,67125,0.8384050130844116
0.43099308013916016,1,102108,0.8416632413864136
0.4329647123813629,1,42867,0.8370990753173828
0.43384042382240295,1,45251,0.8350784778594971
0.43585747480392456,1,13745,0.8304399847984314
0.4339234530925751,1,42684,0.8348871469497681
0.44518911838531494,1,1147,0.8092560768127441
0.4330283999443054,1,20990,0.8369519710540771
0.43706393241882324,1,8244,0.8276758193969727
0.4339299201965332,1,29722,0.8348722457885742
0.4326557219028473,0,146036,0.5667889714241028
0.4325459599494934,0,106275,0.5665955543518066
0.4314468801021576,0,166515,0.5646605491638184
0.4336017966270447,0,79946,0.5684579014778137
0.43104666471481323,0,277917,0.5639568567276001
0.4323940575122833,0,156529,0.5663278698921204
0.4337013363838196,0,158091,0.5686336755752563
0.43254807591438293,0,111233,0.5665992498397827
0.4332748353481293,0,70398,0.5678808093070984
0.43146029114723206,0,216753,0.5646841526031494
0.4332621991634369,0,219289,0.5678585171699524
0.4332827031612396,0,144199,0.567894697189331
0.4324292242527008,0,137701,0.566389799118042
