pred,actual,seqs,loss
0.4501420557498932,1,158666,0.7981920838356018
0.5592158436775208,1,13528,0.5812197327613831
0.5722561478614807,1,8244,0.5581685900688171
0.4751500189304352,1,177069,0.744124710559845
0.483757346868515,1,47220,0.7261718511581421
0.49934473633766174,1,19695,0.694458544254303
0.548033595085144,1,17700,0.601418673992157
0.533610463142395,1,20990,0.628089189529419
0.5721542835235596,1,15029,0.5583466291427612
0.5378496646881104,1,17780,0.6201761960983276
0.47132211923599243,0,70398,0.6373759508132935
0.44261977076530457,0,256067,0.5845076441764832
0.46008574962615967,0,80920,0.6163449287414551
0.4323250949382782,0,195398,0.5662063956260681
0.4288126528263092,0,146312,0.5600380301475525
0.49160879850387573,0,110696,0.6765040755271912
0.4218386709690094,0,135911,0.5479023456573486
0.48936381936073303,0,77877,0.67209792137146
0.43178409337997437,0,145881,0.5652537941932678
0.44356104731559753,0,145434,0.5861977934837341
0.4329288601875305,0,147543,0.5672705173492432
0.4705520272254944,0,107455,0.6359204053878784
0.40072426199913025,0,181554,0.5120334625244141
