pred,actual,seqs,loss
0.5192726254463196,1,13528,0.655326247215271
0.5153519511222839,1,29270,0.662905216217041
0.5263585448265076,1,1741,0.6417726278305054
0.512707531452179,1,102108,0.668049693107605
0.5137384533882141,1,73562,0.6660410165786743
0.5162920951843262,1,19978,0.6610826253890991
0.5193687081336975,1,7177,0.6551412343978882
0.5164753794670105,1,27231,0.6607276797294617
0.5159817934036255,1,47220,0.6616837978363037
0.5157181620597839,1,42684,0.6621948480606079
0.51220703125,0,127278,0.7178642153739929
0.5136846303939819,0,113668,0.7208979725837708
0.5130684971809387,0,257248,0.7196317911148071
0.5145167708396912,0,82902,0.7226105332374573
0.5140977501869202,0,100581,0.7217478156089783
0.5112799406051636,0,238661,0.7159654498100281
0.5129210948944092,0,139303,0.7193291187286377
0.5130501389503479,0,107960,0.7195941209793091
0.5133141875267029,0,158091,0.7201365232467651
0.5133756995201111,0,123268,0.720262885093689
0.5146570205688477,0,72024,0.7228994369506836
0.5170431137084961,0,37149,0.7278279066085815
0.5138424038887024,0,240538,0.721222460269928
