pred,actual,seqs,loss
0.4506290853023529,1,96926,0.7971106767654419
0.5229476094245911,1,27231,0.6482740044593811
0.506652295589447,1,18253,0.6799303293228149
0.5664234757423401,1,45251,0.5684133172035217
0.4985009729862213,1,22187,0.6961497664451599
0.4793345034122467,1,42867,0.7353565692901611
0.5063073635101318,1,78545,0.6806113719940186
0.5460518002510071,1,7177,0.6050414443016052
0.5422077775001526,1,14303,0.6121060252189636
0.46363118290901184,1,29722,0.7686659097671509
0.49887967109680176,0,98249,0.6909090280532837
0.4461425542831421,0,87892,0.5908479690551758
0.4457545280456543,0,204472,0.5901476144790649
0.4465493857860565,0,248271,0.5915827751159668
0.4464133083820343,0,190795,0.5913369059562683
0.5486224889755249,0,71134,0.7954512238502502
0.4426558017730713,0,219289,0.5845722556114197
0.45181310176849365,0,222609,0.6011390089988708
0.44913527369499207,0,96990,0.5962660312652588
0.45240044593811035,0,114695,0.6022109985351562
0.4476860463619232,0,162601,0.5936386585235596
0.4513762295246124,0,107960,0.6003423929214478
0.47972720861434937,0,87367,0.6534020304679871
