pred,actual,seqs,loss
0.4006540775299072,1,96926,0.9146568775177002
0.5674863457679749,1,27231,0.5665385723114014
0.5430540442466736,1,18253,0.6105464696884155
0.6519359946250916,1,45251,0.42780888080596924
0.513237476348877,1,22187,0.6670166254043579
0.4615617096424103,1,42867,0.7731395363807678
0.5267834663391113,1,78545,0.6409657001495361
0.6196888089179993,1,7177,0.4785378575325012
0.6116073131561279,1,14303,0.4916648268699646
0.42604300379753113,1,29722,0.8532149791717529
0.5085980296134949,0,98249,0.7104927897453308
0.3974382281303406,0,87892,0.5065650939941406
0.3953298330307007,0,204472,0.5030721426010132
0.39722490310668945,0,248271,0.5062111616134644
0.39916786551475525,0,190795,0.5094397068023682
0.6151626110076904,0,71134,0.9549344182014465
0.3934972882270813,0,219289,0.5000460743904114
0.40659090876579285,0,222609,0.5218712687492371
0.3983432948589325,0,96990,0.5080682635307312
0.4112628698348999,0,114695,0.5297755002975464
0.3953055441379547,0,162601,0.5030319690704346
0.4029964506626129,0,107960,0.5158321857452393
0.4717259407043457,0,87367,0.638140082359314
