pred,actual,seqs,loss
0.43708670139312744,1,96926,0.827623724937439
0.5328685641288757,1,27231,0.6294804811477661
0.5151841044425964,1,18253,0.6632309556007385
0.5862075686454773,1,45251,0.5340813398361206
0.5011672973632812,1,22187,0.6908153295516968
0.47530055046081543,1,42867,0.7438079118728638
0.5084368586540222,1,78545,0.6764142513275146
0.5639509558677673,1,7177,0.5727880001068115
0.5576334595680237,1,14303,0.5840533971786499
0.4546927213668823,1,29722,0.788133442401886
0.5002385973930359,0,98249,0.6936244964599609
0.43459445238113403,0,87892,0.5702120065689087
0.43316277861595154,0,204472,0.5676831007003784
0.4345325827598572,0,248271,0.5701025724411011
0.435036838054657,0,190795,0.5709947347640991
0.5633551478385925,0,71134,0.8286350965499878
0.4305562674999237,0,219289,0.5630953311920166
0.4407910108566284,0,222609,0.5812320113182068
0.4364473819732666,0,96990,0.573494553565979
0.44256916642189026,0,114695,0.5844168663024902
0.43443015217781067,0,162601,0.5699214935302734
0.4395586848258972,0,107960,0.5790307521820068
0.4762897789478302,0,87367,0.6468167901039124
