pred,actual,seqs,loss
0.48271211981773376,1,68651,0.7283348441123962
0.4880126714706421,1,46182,0.7174139022827148
0.48822838068008423,1,29270,0.7169719934463501
0.49085375666618347,1,48049,0.7116090655326843
0.48481911420822144,1,238997,0.7239794135093689
0.48325449228286743,1,133752,0.7272118926048279
0.492857426404953,1,8244,0.7075353264808655
0.48902183771133423,1,22187,0.7153481245040894
0.48813900351524353,1,5658,0.7171550989151001
0.4810090959072113,1,102108,0.731869101524353
0.4832780659198761,0,166515,0.6602504253387451
0.47871896624565125,0,156529,0.6514659523963928
0.484209269285202,0,90302,0.662054181098938
0.4827296733856201,0,134340,0.6591896414756775
0.48328301310539246,0,91221,0.6602599620819092
0.48280590772628784,0,132154,0.659337043762207
0.48239099979400635,0,146312,0.6585351228713989
0.48040273785591125,0,248271,0.654701292514801
0.4826940596103668,0,80171,0.6591207981109619
0.47994282841682434,0,106275,0.6538165211677551
0.48229262232780457,0,152433,0.658345103263855
0.4829119145870209,0,101001,0.6595420241355896
0.4868309795856476,0,82902,0.6671500205993652
0.4834975004196167,0,91332,0.6606751680374146
