pred,actual,seqs,loss
0.4897313416004181,1,46796,0.7138983011245728
0.49640917778015137,1,7370,0.7003547549247742
0.4908330738544464,1,48049,0.7116512060165405
0.4985973834991455,1,12489,0.6959563493728638
0.4910969138145447,1,177069,0.7111138105392456
0.49297043681144714,1,20990,0.7073060870170593
0.49446892738342285,1,13528,0.7042709589004517
0.5009353756904602,1,8244,0.6912781596183777
0.4895351529121399,1,24746,0.7142990231513977
0.5044325590133667,1,1519,0.6843211054801941
0.48603999614715576,0,126860,0.6656098365783691
0.48733440041542053,0,93980,0.6681314706802368
0.48816215991973877,0,134469,0.6697474122047424
0.4856368899345398,0,152433,0.6648257970809937
0.4890099763870239,0,37149,0.6714051961898804
0.4874303340911865,0,132154,0.6683186292648315
0.4852689802646637,0,158091,0.6641107797622681
0.4858678877353668,0,137701,0.6652750372886658
0.4865912199020386,0,70398,0.6666828989982605
0.48706039786338806,0,64456,0.6675971746444702
0.48692265152931213,0,80920,0.6673286557197571
0.4921276867389679,0,82902,0.6775252223014832
0.4937503933906555,0,145881,0.6807254552841187
