pred,actual,seqs,loss
0.6826109290122986,1,5658,0.38183024525642395
0.7181463837623596,1,13528,0.3310818672180176
0.500872790813446,1,158666,0.6914031505584717
0.7285393476486206,1,1519,0.3167136311531067
0.5163151025772095,1,78545,0.6610380411148071
0.6699091792106628,1,12369,0.40061312913894653
0.4008508026599884,1,96926,0.9141659736633301
0.39401552081108093,1,238997,0.9313650131225586
0.6739585995674133,1,15029,0.39458659291267395
0.4965597987174988,1,51091,0.7000513672828674
0.38862892985343933,0,106275,0.4920511841773987
0.4293518662452698,0,80171,0.5609824657440186
0.37536919116973877,0,167489,0.47059452533721924
0.4175790250301361,0,166515,0.5405617952346802
0.35943976044654846,0,127696,0.4454120993614197
0.5810042023658752,0,37149,0.8698943853378296
0.3881475627422333,0,87892,0.4912641644477844
0.3861966133117676,0,98249,0.48808062076568604
0.4244783818721771,0,111859,0.5524784922599792
0.37553414702415466,0,144199,0.470858633518219
0.4018983244895935,0,127930,0.5139945149421692
0.3629591763019562,0,137701,0.45092153549194336
0.6235135793685913,0,64456,0.9768732786178589
