pred,actual,seqs,loss
0.6396797299385071,1,5658,0.44678765535354614
0.6731404662132263,1,13528,0.39580124616622925
0.4963834285736084,1,158666,0.7004066109657288
0.6826446652412415,1,1519,0.38178080320358276
0.506578803062439,1,78545,0.6800754070281982
0.6311612725257874,1,12369,0.4601938724517822
0.41689908504486084,1,96926,0.8749110698699951
0.4116831123828888,1,238997,0.8875013589859009
0.6342553496360779,1,15029,0.4553036689758301
0.49226465821266174,1,51091,0.7087388038635254
0.4070223271846771,0,106275,0.5225985050201416
0.43883538246154785,0,80171,0.5777409672737122
0.397210031747818,0,167489,0.5061864852905273
0.42942482233047485,0,166515,0.5611103773117065
0.38280269503593445,0,127696,0.4825665354728699
0.560580849647522,0,37149,0.8223015069961548
0.4067423641681671,0,87892,0.5221264958381653
0.4031531810760498,0,98249,0.5160948038101196
0.4347895681858063,0,111859,0.570557177066803
0.3962453603744507,0,144199,0.5045874118804932
0.41601690649986267,0,127930,0.5378832817077637
0.38568079471588135,0,137701,0.48724061250686646
0.5938628911972046,0,64456,0.9010644555091858
