pred,actual,seqs,loss
0.48531806468963623,1,68651,0.72295081615448
0.48380935192108154,1,46182,0.7260643243789673
0.48267534375190735,1,29270,0.7284110188484192
0.48745062947273254,1,48049,0.7185662984848022
0.48456987738609314,1,238997,0.7244936227798462
0.48196613788604736,1,133752,0.7298814058303833
0.4861660301685333,1,8244,0.7212051153182983
0.4831501841545105,1,22187,0.7274277210235596
0.4827920198440552,1,5658,0.728169322013855
0.4838152825832367,1,102108,0.7260521054267883
0.4836345314979553,0,166515,0.6609404683113098
0.48134884238243103,0,156529,0.6565237641334534
0.4803113639354706,0,90302,0.6545253992080688
0.4832848012447357,0,134340,0.6602634191513062
0.48467156291007996,0,91221,0.6629508137702942
0.48244038224220276,0,132154,0.6586305499076843
0.48283225297927856,0,146312,0.65938800573349
0.4827404022216797,0,248271,0.6592103838920593
0.4832894802093506,0,80171,0.660272479057312
0.48183512687683105,0,106275,0.6574618220329285
0.4816894233226776,0,152433,0.657180666923523
0.47959062457084656,0,101001,0.6531395316123962
0.4836539328098297,0,82902,0.6609780788421631
0.4842362105846405,0,91332,0.6621063947677612
