pred,actual,seqs,loss
0.41844749450683594,1,96926,0.8712038397789001
0.5507730841636658,1,27231,0.5964323878288269
0.5297728180885315,1,18253,0.6353070139884949
0.6197488903999329,1,45251,0.47844088077545166
0.5069558024406433,1,22187,0.6793314814567566
0.4680449068546295,1,42867,0.7591910362243652
0.5186932682991028,1,78545,0.6564425826072693
0.5926998853683472,1,7177,0.5230671167373657
0.5851224660873413,1,14303,0.5359340906143188
0.43997910618782043,1,29722,0.8210280537605286
0.5043441653251648,0,98249,0.7018734812736511
0.41646942496299744,0,87892,0.5386584401130676
0.41390514373779297,0,204472,0.534273624420166
0.4156012237071991,0,248271,0.5371717214584351
0.41693776845932007,0,190795,0.5394613742828369
0.5893551707267761,0,71134,0.8900265693664551
0.4119977056980133,0,219289,0.5310244560241699
0.42330464720726013,0,222609,0.5504411458969116
0.41679251194000244,0,96990,0.5392122268676758
0.42716193199157715,0,114695,0.5571522116661072
0.41409724950790405,0,162601,0.5346014499664307
0.4208775460720062,0,107960,0.5462413430213928
0.4745434522628784,0,87367,0.643487811088562
