pred,actual,seqs,loss
0.4395584762096405,1,96926,0.8219845294952393
0.5312129259109497,1,27231,0.6325923204421997
0.5137835741043091,1,18253,0.6659531593322754
0.5828388333320618,1,45251,0.5398445725440979
0.5010102987289429,1,22187,0.6911286115646362
0.4762134850025177,1,42867,0.7418889999389648
0.5081796050071716,1,78545,0.6769203543663025
0.5609471797943115,1,7177,0.5781285166740417
0.5549654960632324,1,14303,0.5888493061065674
0.4565953314304352,1,29722,0.7839577794075012
0.5003199577331543,0,98249,0.6937872767448425
0.43672487139701843,0,87892,0.5739870667457581
0.435537725687027,0,204472,0.5718817114830017
0.43680596351623535,0,248271,0.5741310715675354
0.4371604919433594,0,190795,0.5747607350349426
0.5608152747154236,0,71134,0.8228352069854736
0.43281155824661255,0,219289,0.5670636892318726
0.44287440180778503,0,222609,0.5849645733833313
0.4388327896595001,0,96990,0.5777363777160645
0.44450587034225464,0,114695,0.5878972411155701
0.43688341975212097,0,162601,0.5742685794830322
0.4417211413383484,0,107960,0.5828967094421387
0.47702524065971375,0,87367,0.6482220888137817
