pred,actual,seqs,loss
0.4913150370121002,1,46796,0.710669755935669
0.4983501136302948,1,7370,0.6964524388313293
0.4922235608100891,1,48049,0.7088222503662109
0.49995964765548706,1,12489,0.6932278871536255
0.4916149079799652,1,177069,0.7100595831871033
0.4941946864128113,1,20990,0.704825758934021
0.495996356010437,1,13528,0.7011867165565491
0.5018870234489441,1,8244,0.6893802285194397
0.4911351501941681,1,24746,0.7110359072685242
0.5064018368721008,1,1519,0.6804248094558716
0.4871247112751007,0,126860,0.6677225828170776
0.48855501413345337,0,93980,0.670515239238739
0.4894000291824341,0,134469,0.6721688508987427
0.4869042932987213,0,152433,0.6672928929328918
0.49044978618621826,0,37149,0.6742268800735474
0.48869043588638306,0,132154,0.6707800626754761
0.48661792278289795,0,158091,0.6667349338531494
0.4871430993080139,0,137701,0.6677584052085876
0.487925261259079,0,70398,0.6692847013473511
0.4883277714252472,0,64456,0.6700710654258728
0.4884432256221771,0,80920,0.6702967286109924
0.493127703666687,0,82902,0.679496169090271
0.4940008819103241,0,145881,0.6812203526496887
