pred,actual,seqs,loss
0.46660709381103516,1,67125,0.7622677087783813
0.46472713351249695,1,102108,0.7663048505783081
0.467902272939682,1,42867,0.7594958543777466
0.4686499834060669,1,45251,0.7578991055488586
0.4723847806453705,1,13745,0.7499614357948303
0.46878209710121155,1,42684,0.7576172351837158
0.48444488644599915,1,1147,0.7247515916824341
0.4684807062149048,1,20990,0.7582603693008423
0.4741156995296478,1,8244,0.746303915977478
0.46865302324295044,1,29722,0.7578926086425781
0.46646493673324585,0,146036,0.6282305121421814
0.4660859704017639,0,106275,0.6275204420089722
0.4654434323310852,0,166515,0.6263177394866943
0.4677388370037079,0,79946,0.6306210160255432
0.4644334316253662,0,277917,0.6244300603866577
0.46590331196784973,0,156529,0.6271783709526062
0.46668925881385803,0,158091,0.6286510229110718
0.4663788080215454,0,111233,0.6280690431594849
0.46818462014198303,0,70398,0.6314588785171509
0.4647100865840912,0,216753,0.6249467730522156
0.46664851903915405,0,219289,0.6285746097564697
0.4667758047580719,0,144199,0.6288133263587952
0.46625420451164246,0,137701,0.6278355717658997
