pred,actual,seqs,loss
0.4834691882133484,1,96926,0.7267677187919617
0.4984137713909149,1,27231,0.6963247060775757
0.4938212037086487,1,18253,0.705581784248352
0.5001652240753174,1,45251,0.6928167939186096
0.48722004890441895,1,22187,0.7190394401550293
0.4891970455646515,1,42867,0.7149899005889893
0.4912499189376831,1,78545,0.7108022570610046
0.5013026595115662,1,7177,0.6905452609062195
0.4967449903488159,1,14303,0.6996784806251526
0.48661985993385315,1,29722,0.7202720642089844
0.4917354881763458,0,98249,0.6767532825469971
0.48121657967567444,0,87892,0.6562687754631042
0.48249533772468567,0,204472,0.6587367653846741
0.4786563813686371,0,248271,0.6513459086418152
0.47860318422317505,0,190795,0.6512438654899597
0.5022315382957458,0,71134,0.6976202726364136
0.47489801049232483,0,219289,0.6441627740859985
0.4818562865257263,0,222609,0.6575026512145996
0.484752893447876,0,96990,0.6631087064743042
0.48059824109077454,0,114695,0.6550775766372681
0.48389732837677,0,162601,0.6614495515823364
0.48512372374534607,0,107960,0.6638286709785461
0.4882994294166565,0,87367,0.6700156331062317
