pred,actual,seqs,loss
0.45871543884277344,1,158666,0.7793252468109131
0.5248011946678162,1,13528,0.6447357535362244
0.528357744216919,1,8244,0.637981653213501
0.47025266289711,1,177069,0.7544851303100586
0.48359739780426025,1,47220,0.726502537727356
0.49554169178009033,1,19695,0.7021037936210632
0.5180500149726868,1,17700,0.6576834917068481
0.5101985931396484,1,20990,0.6729552149772644
0.5287593603134155,1,15029,0.6372218728065491
0.5126266479492188,1,17780,0.6682074666023254
0.47307631373405457,0,70398,0.640699565410614
0.4575377106666565,0,256067,0.6116366982460022
0.4710944890975952,0,80920,0.6369454860687256
0.45566901564598083,0,195398,0.608197808265686
0.45044565200805664,0,146312,0.5986475944519043
0.4887007474899292,0,110696,0.6708002686500549
0.4481424391269684,0,135911,0.5944653153419495
0.481761634349823,0,77877,0.657319962978363
0.44947540760040283,0,145881,0.5968836545944214
0.4595380127429962,0,145434,0.6153309941291809
0.45361584424972534,0,147543,0.6044329404830933
0.4766016900539398,0,107455,0.6474125385284424
0.44069263339042664,0,181554,0.5810561180114746
