pred,actual,seqs,loss
0.45894843339920044,1,96926,0.7788174152374268
0.5185289978981018,1,27231,0.6567593216896057
0.5036634206771851,1,18253,0.6858470439910889
0.5553457140922546,1,45251,0.5881644487380981
0.4977319538593292,1,22187,0.6976935863494873
0.4830358922481537,1,42867,0.7276642918586731
0.5060221552848816,1,78545,0.6811748147010803
0.5363818407058716,1,7177,0.6229090094566345
0.5345262885093689,1,14303,0.626374363899231
0.4694441258907318,1,29722,0.7562059760093689
0.4990118145942688,0,98249,0.6911727786064148
0.45327094197273254,0,87892,0.6038019061088562
0.4527777135372162,0,204472,0.6029002070426941
0.4531926214694977,0,248271,0.6036586761474609
0.4530240297317505,0,190795,0.6033504009246826
0.541185200214386,0,71134,0.7791086435317993
0.4495425522327423,0,219289,0.5970056056976318
0.45805346965789795,0,222609,0.6125879287719727
0.45672333240509033,0,96990,0.6101365685462952
0.4586949646472931,0,114695,0.6137723326683044
0.45494019985198975,0,162601,0.6068597435951233
0.45814868807792664,0,107960,0.6127636432647705
0.48293671011924744,0,87367,0.6595900058746338
