pred,actual,seqs,loss
0.5564831495285034,1,5658,0.5861184000968933
0.5784679651260376,1,13528,0.5473721027374268
0.48885107040405273,1,158666,0.7156974077224731
0.5819109082221985,1,1519,0.5414379239082336
0.4899076819419861,1,78545,0.7135382890701294
0.5546318888664246,1,12369,0.5894506573677063
0.4438362419605255,1,96926,0.8122996091842651
0.44376590847969055,1,238997,0.8124580979347229
0.5564742088317871,1,15029,0.5861344337463379
0.48299071192741394,1,51091,0.7277578711509705
0.438725084066391,0,106275,0.5775444507598877
0.4548860490322113,0,80171,0.6067604422569275
0.43569257855415344,0,167489,0.5721560716629028
0.45129886269569397,0,166515,0.6002013683319092
0.42614054679870605,0,127696,0.5553707480430603
0.5204691290855408,0,37149,0.7349470257759094
0.4411015510559082,0,87892,0.5817874670028687
0.4374280571937561,0,98249,0.5752362608909607
0.4533236026763916,0,111859,0.6038982272148132
0.43247899413108826,0,144199,0.5664775371551514
0.44097381830215454,0,127930,0.5815589427947998
0.4296770691871643,0,137701,0.5615525245666504
0.5376073122024536,0,64456,0.7713407874107361
