pred,actual,seqs,loss
0.4653240144252777,1,158666,0.7650213241577148
0.49306443333625793,1,13528,0.7071154117584229
0.4942556619644165,1,8244,0.7047023773193359
0.4746274948120117,1,177069,0.7452250123023987
0.4749518930912018,1,47220,0.7445417642593384
0.4850209355354309,1,19695,0.7235631942749023
0.4941270351409912,1,17700,0.7049626111984253
0.4903247356414795,1,20990,0.7126873731613159
0.4970189332962036,1,15029,0.6991271376609802
0.4859898090362549,1,17780,0.7215676307678223
0.4681544601917267,0,70398,0.6314021944999695
0.46296268701553345,0,256067,0.6216877102851868
0.46966496109962463,0,80920,0.6342463493347168
0.46524256467819214,0,195398,0.625942051410675
0.46106696128845215,0,146312,0.6181639432907104
0.47870728373527527,0,110696,0.6514435410499573
0.4563691020011902,0,135911,0.6094847917556763
0.48102694749832153,0,77877,0.6559033393859863
0.4592619240283966,0,145881,0.6148202419281006
0.4659486711025238,0,145434,0.6272633075714111
0.4619661271572113,0,147543,0.619833767414093
0.4722239077091217,0,107455,0.6390831470489502
0.45342007279396057,0,181554,0.6040747165679932
