pred,actual,seqs,loss
0.4415353238582611,1,67125,0.8174972534179688
0.4397984445095062,1,102108,0.821438729763031
0.4421103596687317,1,42867,0.8161957263946533
0.44294899702072144,1,45251,0.8143006563186646
0.4455495774745941,1,13745,0.8084467649459839
0.44318267703056335,1,42684,0.8137732148170471
0.4553025960922241,1,1147,0.786793053150177
0.4425162971019745,1,20990,0.8152779936790466
0.4468366801738739,1,8244,0.8055621385574341
0.4430844783782959,1,29722,0.813994824886322
0.4415475130081177,0,146036,0.5825857520103455
0.4412255883216858,0,106275,0.5820094347000122
0.4403933882713318,0,166515,0.5805212259292603
0.4425666332244873,0,79946,0.5844123363494873
0.43981900811195374,0,277917,0.579495370388031
0.4411394000053406,0,156529,0.5818552374839783
0.44232794642448425,0,158091,0.5839841961860657
0.44147947430610657,0,111233,0.5824639201164246
0.4424857795238495,0,70398,0.584267258644104
0.4401644468307495,0,216753,0.5801122188568115
0.44175389409065247,0,219289,0.5829553604125977
0.44187214970588684,0,144199,0.5831671953201294
0.4413601756095886,0,137701,0.5822503566741943
