pred,actual,seqs,loss
0.46624037623405457,1,96926,0.7630539536476135
0.5133825540542603,1,27231,0.666733980178833
0.5007612109184265,1,18253,0.6916258931159973
0.5409660935401917,1,45251,0.6143986582756042
0.49481892585754395,1,22187,0.703563392162323
0.4856081008911133,1,42867,0.7223533391952515
0.5022268891334534,1,78545,0.6887032985687256
0.5256777405738831,1,7177,0.643066942691803
0.5257229208946228,1,14303,0.6429809927940369
0.47377851605415344,1,29722,0.7470153570175171
0.4969906508922577,0,98249,0.6871465444564819
0.45992031693458557,0,87892,0.6160385608673096
0.45960602164268494,0,204472,0.6154568195343018
0.45909079909324646,0,248271,0.6145038604736328
0.45929670333862305,0,190795,0.614884614944458
0.5322971940040588,0,71134,0.759922206401825
0.45593664050102234,0,219289,0.608689546585083
0.4640099108219147,0,222609,0.6236395835876465
0.46333616971969604,0,96990,0.6223834156990051
0.46393319964408875,0,114695,0.6234965324401855
0.4617491662502289,0,162601,0.6194306015968323
0.46456483006477356,0,107960,0.624675452709198
0.4841071665287018,0,87367,0.6618562340736389
