pred,actual,seqs,loss
0.5244468450546265,1,46796,0.6454111933708191
0.5754715800285339,1,12489,0.5525654554367065
0.47866228222846985,1,78545,0.7367599606513977
0.5787484645843506,1,7177,0.5468873381614685
0.5823678970336914,1,23459,0.540652871131897
0.48681268095970154,1,68651,0.7198758721351624
0.5037984251976013,1,17780,0.6855790615081787
0.49285992980003357,1,96926,0.7075302600860596
0.5530797243118286,1,8244,0.5922531485557556
0.5074909925460815,1,88862,0.6782763004302979
0.4439927935600281,0,177046,0.586974024772644
0.47134876251220703,0,92854,0.6374263763427734
0.4434700310230255,0,195398,0.5860342383384705
0.45901522040367126,0,111859,0.6143641471862793
0.45916104316711426,0,146036,0.6146337389945984
0.4543496072292328,0,114695,0.6057767868041992
0.45954111218452454,0,72024,0.6153367161750793
0.45665043592453003,0,96990,0.6100023984909058
0.45389652252197266,0,100581,0.6049467921257019
0.4485383927822113,0,144068,0.5951830744743347
0.48451679944992065,0,80171,0.6626505851745605
0.45849180221557617,0,79946,0.6133970618247986
0.46016305685043335,0,91332,0.6164881587028503
0.45381075143814087,0,87892,0.6047897338867188
