pred,actual,seqs,loss
0.49378353357315063,1,46796,0.7056580781936646
0.5049453973770142,1,7370,0.6833049654960632
0.49434223771095276,1,48049,0.7045271992683411
0.5019420385360718,1,12489,0.6892706155776978
0.48898714780807495,1,177069,0.7154190540313721
0.4955607056617737,1,20990,0.7020654082298279
0.4984132945537567,1,13528,0.6963256597518921
0.5022864937782288,1,8244,0.6885846257209778
0.49528297781944275,1,24746,0.7026259899139404
0.5113778710365295,1,1519,0.6706464886665344
0.4869629442691803,0,126860,0.667407214641571
0.4902874231338501,0,93980,0.6739082932472229
0.4905848205089569,0,134469,0.6744919419288635
0.48937585949897766,0,152433,0.672121524810791
0.49300381541252136,0,37149,0.6792517900466919
0.4897620379924774,0,132154,0.672878086566925
0.48795270919799805,0,158091,0.6693382859230042
0.48811638355255127,0,137701,0.6696580052375793
0.48986655473709106,0,70398,0.6730829477310181
0.4904232323169708,0,64456,0.6741747856140137
0.49134889245033264,0,80920,0.6759929656982422
0.49244508147239685,0,82902,0.6781503558158875
0.4897519052028656,0,145881,0.6728582382202148
