pred,actual,seqs,loss
0.5105562210083008,1,13528,0.6722545027732849
0.5038700103759766,1,29270,0.6854369640350342
0.5230664014816284,1,1741,0.6480468511581421
0.49959930777549744,1,102108,0.6939488649368286
0.5013347864151001,1,73562,0.6904811859130859
0.5051445364952087,1,19978,0.682910680770874
0.5111016631126404,1,7177,0.6711867451667786
0.5058150887489319,1,27231,0.6815841197967529
0.5050904750823975,1,47220,0.6830177307128906
0.5047516822814941,1,42684,0.6836887001991272
0.4986763596534729,0,127278,0.6905034184455872
0.501254141330719,0,113668,0.6956586241722107
0.5001460313796997,0,257248,0.6934393048286438
0.5022913813591003,0,82902,0.6977404952049255
0.5019338130950928,0,100581,0.6970223188400269
0.49704402685165405,0,238661,0.6872526407241821
0.49947425723075867,0,139303,0.6920962333679199
0.4999462962150574,0,107960,0.6930397748947144
0.500650942325592,0,158091,0.6944499015808105
0.5002972483634949,0,123268,0.6937418580055237
0.5024402737617493,0,72024,0.6980396509170532
0.5066738128662109,0,37149,0.7065846920013428
0.5011349320411682,0,240538,0.6954196095466614
