pred,actual,seqs,loss
0.5032042264938354,1,18253,0.6867591738700867
0.5016236901283264,1,46182,0.689905047416687
0.5045831799507141,1,102108,0.6840226054191589
0.5053843855857849,1,23766,0.6824359893798828
0.505282998085022,1,42684,0.6826366186141968
0.5034905076026917,1,68651,0.6861904263496399
0.5048341751098633,1,47220,0.6835252642631531
0.5049484372138977,1,114418,0.6832989454269409
0.5041840076446533,1,15029,0.6848139762878418
0.5072005987167358,1,8244,0.6788486838340759
0.5033063292503357,0,107960,0.6997817754745483
0.5033861398696899,0,100581,0.6999424695968628
0.5040887594223022,0,74702,0.7013583183288574
0.5011946558952332,0,134469,0.6955393552780151
0.5009943842887878,0,277917,0.6951379179954529
0.5015451908111572,0,181554,0.6962423324584961
0.5016397833824158,0,144068,0.6964321136474609
0.5037565231323242,0,77877,0.7006886005401611
0.5028855800628662,0,127696,0.6989350318908691
0.5023763179779053,0,64456,0.6979111433029175
0.5024640560150146,0,139303,0.6980874538421631
0.5019516944885254,0,156529,0.6970582008361816
0.5011155009269714,0,82902,0.695380687713623
