,sceptr-default,sceptr-tiny
aaprop,0.83619,0.08279
atchley,0.85864,0.0485
kidera,0.73351,0.02943
rand,0.85536,0.0741
