pred,actual,seqs,loss
0.4175938367843628,1,67125,0.8732460141181946
0.4165492057800293,1,102108,0.8757506608963013
0.4181102514266968,1,42867,0.8720101118087769
0.41909059882164,1,45251,0.8696681261062622
0.42060667276382446,1,13745,0.8660571575164795
0.4189560115337372,1,42684,0.8699893355369568
0.4294727146625519,1,1147,0.8451970815658569
0.4177934527397156,1,20990,0.8727681040763855
0.42165300250053406,1,8244,0.8635725975036621
0.41917720437049866,1,29722,0.8694615364074707
0.41821572184562683,0,146036,0.5416555404663086
0.4183657467365265,0,106275,0.5419134497642517
0.4171159565448761,0,166515,0.5397670269012451
0.4189436733722687,0,79946,0.5429075956344604
0.41692376136779785,0,277917,0.5394373536109924
0.4183574914932251,0,156529,0.5418992638587952
0.4194902181625366,0,158091,0.5438486337661743
0.41795653104782104,0,111233,0.5412101745605469
0.4185869097709656,0,70398,0.5422937870025635
0.41739898920059204,0,216753,0.540252685546875
0.41915878653526306,0,219289,0.5432778596878052
0.4191518723964691,0,144199,0.5432659387588501
0.41800203919410706,0,137701,0.5412883162498474
