pred,actual,seqs,loss
0.4879646301269531,1,68651,0.7175123691558838
0.4870162904262543,1,46182,0.7194576859474182
0.48685410618782043,1,29270,0.7197907567024231
0.49151551723480225,1,48049,0.7102617621421814
0.48829391598701477,1,238997,0.7168377637863159
0.4850989282131195,1,133752,0.7234024405479431
0.49107110500335693,1,8244,0.7111663222312927
0.4871194362640381,1,22187,0.7192459106445312
0.4870714843273163,1,5658,0.7193443775177002
0.485912561416626,1,102108,0.7217265963554382
0.4868341386318207,0,166515,0.6671561598777771
0.4833870530128479,0,156529,0.6604613661766052
0.4832177460193634,0,90302,0.6601336598396301
0.48587265610694885,0,134340,0.665284276008606
0.4875437617301941,0,91221,0.6685399413108826
0.48548197746276855,0,132154,0.6645246744155884
0.4859825074672699,0,146312,0.6654979586601257
0.48585042357444763,0,248271,0.6652410626411438
0.4863276779651642,0,80171,0.6661697030067444
0.48383837938308716,0,106275,0.6613353490829468
0.4853935241699219,0,152433,0.6643527746200562
0.48302286863327026,0,101001,0.6597566604614258
0.4876371920108795,0,82902,0.6687222719192505
0.4869803786277771,0,91332,0.667441189289093
