pred,actual,seqs,loss
0.49313414096832275,1,46796,0.7069740295410156
0.5125715732574463,1,7370,0.6683149337768555
0.4939832389354706,1,48049,0.7052537202835083
0.5040040612220764,1,12489,0.6851709485054016
0.48437052965164185,1,177069,0.7249051332473755
0.4957079589366913,1,20990,0.7017683386802673
0.49976396560668945,1,13528,0.6936193704605103
0.5034308433532715,1,8244,0.6863089203834534
0.4968836307525635,1,24746,0.6993994116783142
0.5179674625396729,1,1519,0.6578428745269775
0.48332008719444275,0,126860,0.6603317260742188
0.48917457461357117,0,93980,0.6717273592948914
0.48887625336647034,0,134469,0.6711435317993164
0.48774468898773193,0,152433,0.6689321398735046
0.4933655858039856,0,37149,0.679965615272522
0.48810014128685,0,132154,0.6696262359619141
0.4850650429725647,0,158091,0.6637147068977356
0.4854826331138611,0,137701,0.6645259857177734
0.488362580537796,0,70398,0.6701390743255615
0.48926106095314026,0,64456,0.6718966960906982
0.49097394943237305,0,80920,0.675256073474884
0.4894026517868042,0,82902,0.6721739768981934
0.4846932291984558,0,145881,0.6629928946495056
