pred,actual,seqs,loss
0.4625759720802307,1,67125,0.7709444761276245
0.4607416093349457,1,102108,0.7749179005622864
0.46380704641342163,1,42867,0.7682866454124451
0.4644741714000702,1,45251,0.7668493390083313
0.4679679870605469,1,13745,0.759355366230011
0.4647655785083771,1,42684,0.7662221193313599
0.4793965816497803,1,1147,0.735227108001709
0.46434155106544495,1,20990,0.7671349048614502
0.4695240557193756,1,8244,0.7560357451438904
0.4645434319972992,1,29722,0.7667002081871033
0.4624730348587036,0,146036,0.620776355266571
0.4620550870895386,0,106275,0.6199991106987
0.4614737033843994,0,166515,0.6189189553260803
0.4637257754802704,0,79946,0.6231096386909485
0.46049028635025024,0,277917,0.6170945167541504
0.46193140745162964,0,156529,0.6197692155838013
0.46277880668640137,0,158091,0.6213453412055969
0.4624319076538086,0,111233,0.6206998229026794
0.4640907943248749,0,70398,0.6237905025482178
0.46080324053764343,0,216753,0.617674708366394
0.4627198874950409,0,219289,0.621235728263855
0.4629146456718445,0,144199,0.6215982437133789
0.46232664585113525,0,137701,0.6205040216445923
