pred,actual,seqs,loss
0.4327126443386078,1,96926,0.8376814126968384
0.5364174842834473,1,27231,0.62284255027771
0.5181258320808411,1,18253,0.6575371623039246
0.5936611890792847,1,45251,0.5214465260505676
0.5021891593933105,1,22187,0.6887784004211426
0.4731052815914154,1,42867,0.7484373450279236
0.5105102062225342,1,78545,0.6723446249961853
0.5704938173294067,1,7177,0.5612529516220093
0.5635221600532532,1,14303,0.5735486149787903
0.45145153999328613,1,29722,0.7952872514724731
0.5006316304206848,0,98249,0.6944112181663513
0.4307587444782257,0,87892,0.5634509325027466
0.42916637659072876,0,204472,0.5606575012207031
0.4306449592113495,0,248271,0.5632510781288147
0.43140268325805664,0,190795,0.5645828247070312
0.5688696503639221,0,71134,0.8413448333740234
0.42673513293266296,0,219289,0.5564074516296387
0.4372740685939789,0,222609,0.5749625563621521
0.4321507513523102,0,96990,0.5658993124961853
0.4390937089920044,0,114695,0.578201413154602
0.4300897419452667,0,162601,0.5622763633728027
0.4357517957687378,0,107960,0.5722610354423523
0.4752935469150543,0,87367,0.644916296005249
