pred,actual,seqs,loss
0.4652966558933258,1,96926,0.7650800943374634
0.5144283175468445,1,27231,0.6646990776062012
0.5013017654418945,1,18253,0.6905470490455627
0.5437945127487183,1,45251,0.6091838479042053
0.49564510583877563,1,22187,0.7018951177597046
0.4854717552661896,1,42867,0.7226341962814331
0.5035196542739868,1,78545,0.686132550239563
0.5275277495384216,1,7177,0.6395537853240967
0.5273787975311279,1,14303,0.6398361921310425
0.47335702180862427,1,29722,0.7479053735733032
0.4977589547634125,0,98249,0.6886751055717468
0.4589373767375946,0,87892,0.6142202615737915
0.4585683345794678,0,204472,0.613538384437561
0.45820939540863037,0,248271,0.6128756999969482
0.4583060145378113,0,190795,0.6130540370941162
0.5341166257858276,0,71134,0.7638199329376221
0.45500436425209045,0,219289,0.6069774627685547
0.4631057679653168,0,222609,0.6219541430473328
0.46243301033973694,0,96990,0.6207019090652466
0.46323397755622864,0,114695,0.6221929788589478
0.4607248306274414,0,162601,0.6175293326377869
0.4635503888130188,0,107960,0.6227826476097107
0.4842650592327118,0,87367,0.6621623039245605
