pred,actual,seqs,loss
0.6132979393005371,1,102108,0.4889044165611267
0.6056662797927856,1,12369,0.501426100730896
0.5287482142448425,1,24746,0.6372429132461548
0.5054236054420471,1,51091,0.6823583841323853
0.5339649319648743,1,2917,0.6274251341819763
0.49761638045310974,1,47220,0.6979258060455322
0.4367789030075073,1,158666,0.8283281326293945
0.509756863117218,1,19695,0.6738213896751404
0.5101796984672546,1,46182,0.6729922890663147
0.5714207887649536,1,17780,0.5596294403076172
0.4283137023448944,0,158091,0.5591648817062378
0.42606672644615173,0,156529,0.555242121219635
0.4170904755592346,0,240538,0.53972327709198
0.43442654609680176,0,90302,0.5699151158332825
0.4379946291446686,0,113668,0.5762438774108887
0.41271737217903137,0,216753,0.5322490930557251
0.4383600652217865,0,70398,0.5768943428993225
0.41644614934921265,0,251066,0.5386185646057129
0.4700656235218048,0,137701,0.635002076625824
0.48106977343559265,0,144199,0.6559858322143555
0.421339750289917,0,195398,0.5470397472381592
0.549174427986145,0,64456,0.7966747879981995
0.4219089448451996,0,222609,0.5480238795280457
