pred,actual,seqs,loss
0.45766112208366394,1,67125,0.781626284122467
0.45584967732429504,1,102108,0.7855921983718872
0.4587398171424866,1,42867,0.7792720794677734
0.4593742787837982,1,45251,0.7778899669647217
0.4627354145050049,1,13745,0.7705998420715332
0.4597492516040802,1,42684,0.7770740389823914
0.47365179657936096,1,1147,0.747282862663269
0.4592776894569397,1,20990,0.7781002521514893
0.46416884660720825,1,8244,0.7675068974494934
0.45951399207115173,1,29722,0.7775858640670776
0.45753157138824463,0,146036,0.6116253733634949
0.4571366310119629,0,106275,0.6108976006507874
0.45654723048210144,0,166515,0.6098124980926514
0.4587134122848511,0,79946,0.613806426525116
0.45562809705734253,0,277917,0.6081226468086243
0.4570215046405792,0,156529,0.6106855869293213
0.45791059732437134,0,158091,0.6123243570327759
0.4575303792953491,0,111233,0.6116231679916382
0.4590465724468231,0,70398,0.614422082901001
0.4559594690799713,0,216753,0.6087315082550049
0.45775023102760315,0,219289,0.6120285391807556
0.45794105529785156,0,144199,0.6123805046081543
0.4574180543422699,0,137701,0.6114161610603333
