pred,actual,seqs,loss
0.4964873194694519,1,18253,0.7001973390579224
0.49750086665153503,1,46182,0.6981579661369324
0.49504566192626953,1,102108,0.7031052708625793
0.49915075302124023,1,23766,0.6948471069335938
0.4962850511074066,1,42684,0.7006047964096069
0.49224725365638733,1,68651,0.7087741494178772
0.4949198365211487,1,47220,0.7033594846725464
0.49684277176856995,1,114418,0.6994816660881042
0.49636921286582947,1,15029,0.700435221195221
0.5035578608512878,1,8244,0.6860566735267639
0.49087682366371155,0,107960,0.675065279006958
0.4874783754348755,0,100581,0.6684123873710632
0.4917542040348053,0,74702,0.6767901182174683
0.48888349533081055,0,134469,0.671157717704773
0.4870127737522125,0,277917,0.6675043106079102
0.48627620935440063,0,181554,0.666069507598877
0.4927457869052887,0,144068,0.6787430047988892
0.4890842139720917,0,77877,0.6715505123138428
0.4889485836029053,0,127696,0.671285092830658
0.491010457277298,0,64456,0.6753278374671936
0.49339866638183594,0,139303,0.680030882358551
0.48908716440200806,0,156529,0.671556293964386
0.48730984330177307,0,82902,0.6680836081504822
