pred,actual,seqs,loss
0.3972911834716797,1,96926,0.9230858087539673
0.5708550810813904,1,27231,0.5606198906898499
0.5460090041160583,1,18253,0.6051198244094849
0.6580369472503662,1,45251,0.41849419474601746
0.5146421790122986,1,22187,0.6642833948135376
0.4609055817127228,1,42867,0.7745620608329773
0.5282812714576721,1,78545,0.6381264328956604
0.6249683499336243,1,7177,0.4700542688369751
0.6167473196983337,1,14303,0.48329585790634155
0.4236389100551605,1,29722,0.8588738441467285
0.5096984505653381,0,98249,0.7127346992492676
0.39385274052619934,0,87892,0.5006322860717773
0.3917163014411926,0,204472,0.4971138834953308
0.39370086789131165,0,248271,0.5003818273544312
0.3957141041755676,0,190795,0.5037078857421875
0.6202151775360107,0,71134,0.9681504368782043
0.3898959159851074,0,219289,0.49412572383880615
0.40334880352020264,0,222609,0.5164226293563843
0.3948727250099182,0,96990,0.5023164749145508
0.4083821177482605,0,114695,0.5248943567276001
0.39168691635131836,0,162601,0.49706560373306274
0.3995794653892517,0,107960,0.5101249814033508
0.47147268056869507,0,87367,0.637660801410675
