pred,actual,seqs,loss
0.4695478081703186,1,5658,0.7559851408004761
0.4726483225822449,1,13528,0.7494036555290222
0.4719439744949341,1,158666,0.7508950233459473
0.4721511900424957,1,1519,0.7504560351371765
0.47259747982025146,1,78545,0.7495112419128418
0.46945953369140625,1,12369,0.7561731934547424
0.4600699543952942,1,96926,0.7763767242431641
0.4694312512874603,1,238997,0.7562334537506104
0.4700217545032501,1,15029,0.7549762725830078
0.462089478969574,1,51091,0.7719967365264893
0.46108511090278625,0,106275,0.6181976199150085
0.46444156765937805,0,80171,0.6244452595710754
0.4652423560619354,0,167489,0.6259416341781616
0.4700910747051239,0,166515,0.6350501179695129
0.4600621163845062,0,127696,0.6163011789321899
0.46622249484062195,0,37149,0.6277762055397034
0.461675763130188,0,87892,0.6192942261695862
0.4639684557914734,0,98249,0.6235622763633728
0.46999505162239075,0,111859,0.6348689198493958
0.46220237016677856,0,144199,0.6202729344367981
0.45986831188201904,0,127930,0.6159422993659973
0.4673272371292114,0,137701,0.6298480033874512
0.4748314619064331,0,64456,0.644036054611206
