pred,actual,seqs,loss
0.44011878967285156,1,67125,0.8207105994224548
0.4384212791919708,1,102108,0.8245750069618225
0.4406810402870178,1,42867,0.8194339275360107
0.44154027104377747,1,45251,0.817486047744751
0.44402268528938293,1,13745,0.8118796348571777
0.44173669815063477,1,42684,0.817041277885437
0.45370349287986755,1,1147,0.7903113961219788
0.4410392940044403,1,20990,0.8186212778091431
0.4453037977218628,1,8244,0.8089985251426697
0.4416618049144745,1,29722,0.817210853099823
0.44016507267951965,0,146036,0.5801132917404175
0.4398544132709503,0,106275,0.5795585513114929
0.43898940086364746,0,166515,0.5780155062675476
0.4411779046058655,0,79946,0.5819240808486938
0.43844982981681824,0,277917,0.5770541429519653
0.4397708475589752,0,156529,0.5794093608856201
0.4409816265106201,0,158091,0.581572949886322
0.4400932192802429,0,111233,0.5799849629402161
0.441052109003067,0,70398,0.581699013710022
0.4388046860694885,0,216753,0.5776863098144531
0.4404374957084656,0,219289,0.5806000232696533
0.44052425026893616,0,144199,0.5807551145553589
0.43996405601501465,0,137701,0.5797542929649353
