pred,actual,seqs,loss
0.4642232656478882,1,158666,0.7673896551132202
0.4884112477302551,1,13528,0.7165974974632263
0.4897555708885193,1,8244,0.7138488292694092
0.47417816519737244,1,177069,0.7461721301078796
0.47278153896331787,1,47220,0.7491218447685242
0.483313649892807,1,19695,0.7270894646644592
0.49098941683769226,1,17700,0.7113326787948608
0.48583731055259705,1,20990,0.7218814492225647
0.49200692772865295,1,15029,0.709262490272522
0.48231229186058044,1,17780,0.7291634678840637
0.4669303894042969,0,70398,0.6291032433509827
0.4629245102405548,0,256067,0.6216166019439697
0.46776843070983887,0,80920,0.6306766271591187
0.46486860513687134,0,195398,0.6252429485321045
0.46021568775177,0,146312,0.6165856122970581
0.47532129287719727,0,110696,0.6449691653251648
0.45590904355049133,0,135911,0.6086388230323792
0.47916558384895325,0,77877,0.6523231267929077
0.45878174901008606,0,145881,0.6139326691627502
0.4654635190963745,0,145434,0.6263552904129028
0.46038657426834106,0,147543,0.6169022917747498
0.4708182215690613,0,107455,0.6364232897758484
0.45350363850593567,0,181554,0.6042276620864868
