pred,actual,seqs,loss
0.6042056679725647,1,5658,0.5038406252861023
0.6341373920440674,1,13528,0.4554896354675293
0.493516743183136,1,158666,0.706198513507843
0.6409052610397339,1,1519,0.4448736310005188
0.49993419647216797,1,78545,0.6932787895202637
0.5981735587120056,1,12369,0.513874351978302
0.42913809418678284,1,96926,0.8459765315055847
0.4261559844017029,1,238997,0.852949857711792
0.6017105579376221,1,15029,0.5079787373542786
0.49001947045326233,1,51091,0.713310182094574
0.42174893617630005,0,106275,0.5477471351623535
0.4474957287311554,0,80171,0.5932941436767578
0.4144846796989441,0,167489,0.535262942314148
0.4405423700809479,0,166515,0.5807874798774719
0.4015551805496216,0,127696,0.5134209394454956
0.5443462133407593,0,37149,0.7860220074653625
0.42226123809814453,0,87892,0.5486334562301636
0.4178931415081024,0,98249,0.5411012172698975
0.44399118423461914,0,111859,0.58697110414505
0.4122532308101654,0,144199,0.5314590930938721
0.42761045694351196,0,127930,0.5579354763031006
0.4038776457309723,0,137701,0.517309308052063
0.5704474449157715,0,64456,0.8450111746788025
