pred,actual,seqs,loss
0.45871391892433167,1,67125,0.7793285250663757
0.45690396428108215,1,102108,0.7832820415496826
0.459834486246109,1,42867,0.7768886685371399
0.46046945452690125,1,45251,0.7755087614059448
0.4638510048389435,1,13745,0.7681918740272522
0.4608308970928192,1,42684,0.7747241258621216
0.4748633801937103,1,1147,0.744728147983551
0.46036455035209656,1,20990,0.7757366299629211
0.46530231833457947,1,8244,0.7650679349899292
0.46059465408325195,1,29722,0.7752369046211243
0.4585949182510376,0,146036,0.613587498664856
0.45819127559661865,0,106275,0.6128422617912292
0.45761069655418396,0,166515,0.611771285533905
0.4597923457622528,0,79946,0.6158016920089722
0.45667457580566406,0,277917,0.6100468635559082
0.45807749032974243,0,156529,0.6126322746276855
0.45895707607269287,0,158091,0.6142566800117493
0.4585871398448944,0,111233,0.6135731339454651
0.4601322114467621,0,70398,0.6164309978485107
0.45700424909591675,0,216753,0.6106537580490112
0.4588271379470825,0,219289,0.6140165328979492
0.45901936292648315,0,144199,0.6143717765808105
0.45847806334495544,0,137701,0.613371729850769
