pred,actual,seqs,loss
0.5574629902839661,1,46796,0.5843591690063477
0.6351981163024902,1,12489,0.45381832122802734
0.4740631580352783,1,78545,0.7464147210121155
0.6414903998374939,1,7177,0.44396108388900757
0.6589401960372925,1,23459,0.4171225130558014
0.49411529302597046,1,68651,0.7049863934516907
0.5185041427612305,1,17780,0.6568072438240051
0.4904286861419678,1,96926,0.7124754190444946
0.5996725559234619,1,8244,0.5113714933395386
0.5330066680908203,1,88862,0.6292213201522827
0.4108600914478302,0,177046,0.5290915966033936
0.4624386727809906,0,92854,0.620712399482727
0.4081454277038574,0,195398,0.5244943499565125
0.4334065616130829,0,111859,0.5681132674217224
0.43499812483787537,0,146036,0.5709262490272522
0.4241687059402466,0,114695,0.5519405603408813
0.43304571509361267,0,72024,0.5674766302108765
0.43663105368614197,0,96990,0.5738205313682556
0.4264250099658966,0,100581,0.5558665990829468
0.41432884335517883,0,144068,0.5349968075752258
0.48178648948669434,0,80171,0.6573679447174072
0.43670204281806946,0,79946,0.5739465355873108
0.43655696511268616,0,91332,0.5736890435218811
0.42351844906806946,0,87892,0.5508119463920593
