pred,actual,seqs,loss
0.537480890750885,1,46796,0.6208620667457581
0.6007484793663025,1,12489,0.5095789432525635
0.4750743508338928,1,78545,0.7442839741706848
0.6047013998031616,1,7177,0.5030205249786377
0.6145312786102295,1,23459,0.48689544200897217
0.4888871908187866,1,68651,0.7156234979629517
0.5079054832458496,1,17780,0.6774598956108093
0.49071481823921204,1,96926,0.7118921279907227
0.5728193521499634,1,8244,0.5571848750114441
0.5167341232299805,1,88862,0.6602268218994141
0.4282945692539215,0,177046,0.559131383895874
0.46623125672340393,0,92854,0.6277925968170166
0.42647284269332886,0,195398,0.5559499859809875
0.4470716714859009,0,111859,0.592526912689209
0.44741111993789673,0,146036,0.5931409597396851
0.4401925206184387,0,114695,0.5801623463630676
0.4469143748283386,0,72024,0.5922424793243408
0.4460962116718292,0,96990,0.5907642841339111
0.44062814116477966,0,100581,0.5809407830238342
0.4322579503059387,0,144068,0.566088080406189
0.4820254445075989,0,80171,0.6578291654586792
0.4473525285720825,0,79946,0.5930349826812744
0.44851329922676086,0,91332,0.5951375365257263
0.43945661187171936,0,87892,0.5788486003875732
