pred,actual,seqs,loss
0.51213538646698,1,13528,0.6691662669181824
0.5062713623046875,1,29270,0.6806824803352356
0.5228706002235413,1,1741,0.6484212875366211
0.5026178359985352,1,102108,0.6879251599311829
0.5040750503540039,1,73562,0.6850301027297974
0.5074998736381531,1,19978,0.6782588362693787
0.5124772787094116,1,7177,0.6684989333152771
0.5080291032791138,1,27231,0.6772165298461914
0.5073134899139404,1,47220,0.6786261200904846
0.5070582628250122,1,42684,0.6791293621063232
0.5018820762634277,0,127278,0.6969184279441833
0.50407874584198,0,113668,0.7013381123542786
0.5030665993690491,0,257248,0.6992992758750916
0.5049620270729065,0,82902,0.7031208276748657
0.5045896172523499,0,100581,0.7023687958717346
0.5004488229751587,0,238661,0.6940452456474304
0.5025877356529236,0,139303,0.6983360648155212
0.5029670596122742,0,107960,0.6990990042686462
0.503567099571228,0,158091,0.7003069519996643
0.5033907890319824,0,123268,0.6999518871307373
0.5051150918006897,0,72024,0.7034300565719604
0.508813202381134,0,37149,0.7109307646751404
0.5040929913520813,0,240538,0.7013668417930603
