pred,actual,seqs,loss
0.594837486743927,1,5658,0.5194670557975769
0.6236236095428467,1,13528,0.47220829129219055
0.4926331639289856,1,158666,0.7079904675483704
0.6301212906837463,1,1519,0.46184295415878296
0.49786269664764404,1,78545,0.6974309682846069
0.589928388595581,1,12369,0.5277541279792786
0.43254411220550537,1,96926,0.8380709886550903
0.42985859513282776,1,238997,0.8442989587783813
0.5929180979728699,1,15029,0.5226989984512329
0.4889378547668457,1,51091,0.715519905090332
0.42505860328674316,0,106275,0.5534871816635132
0.44883114099502563,0,80171,0.5957140326499939
0.4189801514148712,0,167489,0.5429703593254089
0.4425964653491974,0,166515,0.5844658017158508
0.4066343605518341,0,127696,0.5219444632530212
0.539806604385376,0,37149,0.77610844373703
0.4260421395301819,0,87892,0.5551992654800415
0.42156994342803955,0,98249,0.5474376678466797
0.4459645748138428,0,111859,0.5905266404151917
0.4165603518486023,0,144199,0.5388142466545105
0.43036144971847534,0,127930,0.5627532601356506
0.408864289522171,0,137701,0.5257096290588379
0.563880205154419,0,64456,0.8298383355140686
