pred,actual,seqs,loss
0.49313637614250183,1,46796,0.7069694995880127
0.5127744078636169,1,7370,0.6679192781448364
0.4940142035484314,1,48049,0.7051910161972046
0.5041288137435913,1,12489,0.6849234700202942
0.4843127131462097,1,177069,0.7250244617462158
0.4957472085952759,1,20990,0.7016891241073608
0.499825656414032,1,13528,0.6934959292411804
0.5035240650177002,1,8244,0.686123788356781
0.4969384968280792,1,24746,0.6992890238761902
0.5182033777236938,1,1519,0.6573874950408936
0.4832366704940796,0,126860,0.660170316696167
0.48916521668434143,0,93980,0.6717090606689453
0.4888445734977722,0,134469,0.6710816025733948
0.4877324402332306,0,152433,0.6689082384109497
0.4933924973011017,0,37149,0.6800187230110168
0.48808878660202026,0,132154,0.6696040630340576
0.4850047826766968,0,158091,0.6635976433753967
0.48542746901512146,0,137701,0.6644187569618225
0.48832643032073975,0,70398,0.6700684428215027
0.4892583191394806,0,64456,0.6718913316726685
0.4909821152687073,0,80920,0.6752721071243286
0.4893344044685364,0,82902,0.6720403432846069
0.48458734154701233,0,145881,0.6627874374389648
