pred,actual,seqs,loss
0.4844440519809723,1,67125,0.7247533202171326
0.4835565686225891,1,90600,0.7265869975090027
0.4835476577281952,1,133752,0.7266054153442383
0.4832892417907715,1,48049,0.727139949798584
0.4828130304813385,1,1550,0.728125810623169
0.48331859707832336,1,46796,0.7270792126655579
0.4831618666648865,1,15029,0.7274035811424255
0.4843454957008362,1,238997,0.7249568104743958
0.4827248454093933,1,19978,0.7283084392547607
0.48376137018203735,1,177069,0.7261635065078735
0.48344042897224426,0,107455,0.660564661026001
0.4837660491466522,0,204472,0.6611952185630798
0.4836013913154602,0,158091,0.6608763337135315
0.4837437570095062,0,92854,0.6611520648002625
0.4834800064563751,0,79946,0.6606413125991821
0.4835585951805115,0,127278,0.6607934236526489
0.48390883207321167,0,257248,0.6614718437194824
0.4834953844547272,0,77877,0.660671055316925
0.4835793375968933,0,87367,0.6608335971832275
0.48394718766212463,0,111859,0.6615461707115173
0.4837252199649811,0,80171,0.6611161231994629
0.48370274901390076,0,126860,0.6610726118087769
0.48361289501190186,0,111233,0.6608985662460327
