pred,actual,seqs,loss
0.6083923578262329,1,5658,0.49693527817726135
0.6416120529174805,1,13528,0.4437714219093323
0.4927288293838501,1,158666,0.7077962756156921
0.648262619972229,1,1519,0.43345940113067627
0.4984438717365265,1,78545,0.6962642669677734
0.6034272313117981,1,12369,0.5051298141479492
0.4260639250278473,1,96926,0.853165864944458
0.4237322211265564,1,238997,0.8586535453796387
0.605918824672699,1,15029,0.5010092258453369
0.485690712928772,1,51091,0.7221832275390625
0.4165060818195343,0,106275,0.5387212634086609
0.441161572933197,0,80171,0.5818948745727539
0.4116867482662201,0,167489,0.5304957628250122
0.4362117350101471,0,166515,0.5730764865875244
0.3963415324687958,0,127696,0.504746675491333
0.5442519783973694,0,37149,0.7858152389526367
0.4174427092075348,0,87892,0.5403277277946472
0.4144963324069977,0,98249,0.5352828502655029
0.43997249007225037,0,111859,0.5797693729400635
0.40995872020721436,0,144199,0.5275627970695496
0.4252336919307709,0,127930,0.5537917613983154
0.4018530249595642,0,137701,0.5139187574386597
0.5707523226737976,0,64456,0.8457211852073669
