pred,actual,seqs,loss
0.4101046919822693,1,67125,0.89134281873703
0.4089946448802948,1,102108,0.8940532207489014
0.4106190800666809,1,42867,0.8900892734527588
0.4117181897163391,1,45251,0.8874161839485168
0.41348546743392944,1,13745,0.8831329345703125
0.4116573929786682,1,42684,0.8875638246536255
0.42243483662605286,1,1147,0.861720085144043
0.41048020124435425,1,20990,0.8904275894165039
0.41449618339538574,1,8244,0.8806915283203125
0.41200047731399536,1,29722,0.8867307901382446
0.410605251789093,0,146036,0.5286591053009033
0.41093021631240845,0,106275,0.52921062707901
0.409547358751297,0,166515,0.5268658399581909
0.41129207611083984,0,79946,0.5298250913619995
0.4096110761165619,0,277917,0.5269737839698792
0.4107826054096222,0,156529,0.528960108757019
0.41203057765960693,0,158091,0.5310803651809692
0.41042718291282654,0,111233,0.5283570289611816
0.4111245274543762,0,70398,0.5295405387878418
0.409976065158844,0,216753,0.5275921821594238
0.41170960664749146,0,219289,0.5305346250534058
0.41151854395866394,0,144199,0.5302098989486694
0.41072145104408264,0,137701,0.5288562774658203
