pred,actual,seqs,loss
0.48084601759910583,1,5658,0.7322081923484802
0.4813438355922699,1,13528,0.7311734557151794
0.4769168198108673,1,158666,0.7404131889343262
0.4824780225753784,1,1519,0.7288199067115784
0.4746788442134857,1,78545,0.7451168298721313
0.47502532601356506,1,12369,0.744387149810791
0.4543401598930359,1,96926,0.7889091372489929
0.4622292220592499,1,238997,0.7716943621635437
0.47775590419769287,1,15029,0.7386553287506104
0.4646289050579071,1,51091,0.7665162682533264
0.45539841055870056,0,106275,0.607700765132904
0.4610636532306671,0,80171,0.6181578040122986
0.46037188172340393,0,167489,0.6168750524520874
0.46602103114128113,0,166515,0.6273988485336304
0.45163223147392273,0,127696,0.6008090972900391
0.4659758508205414,0,37149,0.6273142099380493
0.4572237730026245,0,87892,0.6110581755638123
0.46192583441734314,0,98249,0.6197588443756104
0.46826180815696716,0,111859,0.631604015827179
0.455008327960968,0,144199,0.6069847345352173
0.45561379194259644,0,127930,0.6080963611602783
0.4591526985168457,0,137701,0.6146183013916016
0.48531579971313477,0,64456,0.6642017960548401
