pred,actual,seqs,loss
0.4986729323863983,1,18253,0.6958048343658447
0.49942415952682495,1,46182,0.6942995190620422
0.498942106962204,1,102108,0.6952652335166931
0.5020400285720825,1,23766,0.6890754103660583
0.4988606870174408,1,42684,0.6954284310340881
0.49663299322128296,1,68651,0.6999039649963379
0.4993949234485626,1,47220,0.6943580508232117
0.500683605670929,1,114418,0.6917809247970581
0.49989768862724304,1,15029,0.6933518052101135
0.5043050646781921,1,8244,0.6845738887786865
0.4964090585708618,0,107960,0.6859909892082214
0.49476921558380127,0,100581,0.6827399730682373
0.49765723943710327,0,74702,0.6884726285934448
0.4939306378364563,0,134469,0.6810815334320068
0.49336370825767517,0,277917,0.6799619197845459
0.4931950271129608,0,181554,0.6796290278434753
0.49566295742988586,0,144068,0.6845105290412903
0.49595436453819275,0,77877,0.6850884556770325
0.4945969581604004,0,127696,0.6823990941047668
0.49614304304122925,0,64456,0.6854628920555115
0.49682876467704773,0,139303,0.6868247389793396
0.49411138892173767,0,156529,0.6814387440681458
0.49297913908958435,0,82902,0.6792031526565552
