pred,actual,seqs,loss
0.457745224237442,1,158666,0.7814425230026245
0.5283206701278687,1,13528,0.6380518674850464
0.5325053334236145,1,8244,0.6301623582839966
0.47010868787765503,1,177069,0.7547913789749146
0.4841539263725281,1,47220,0.72535240650177
0.4961260259151459,1,19695,0.7009252905845642
0.5208783149719238,1,17700,0.6522388458251953
0.5123059749603271,1,20990,0.6688332557678223
0.5329049825668335,1,15029,0.6294121742248535
0.515277087688446,1,17780,0.6630504727363586
0.47337231040000916,0,70398,0.6412614583969116
0.45645585656166077,0,256067,0.60964435338974
0.47044235467910767,0,80920,0.6357132792472839
0.4538019597530365,0,195398,0.6047736406326294
0.4486389458179474,0,146312,0.5953654050827026
0.4892865717411041,0,110696,0.67194664478302
0.4461812973022461,0,135911,0.5909178853034973
0.4821362793445587,0,77877,0.6580431461334229
0.4478020668029785,0,145881,0.593848705291748
0.4582875967025757,0,145434,0.6130200624465942
0.4519486427307129,0,147543,0.601386308670044
0.47656768560409546,0,107455,0.6473475694656372
0.4377533495426178,0,181554,0.5758146643638611
