pred,actual,seqs,loss
0.4536692798137665,1,158666,0.7903867959976196
0.5417656302452087,1,13528,0.6129217743873596
0.5493487119674683,1,8244,0.599021852016449
0.46941766142845154,1,177069,0.7562623620033264
0.48439425230026245,1,47220,0.7248561382293701
0.4976778030395508,1,19695,0.6978024244308472
0.5319876074790955,1,17700,0.631135106086731
0.5207917094230652,1,20990,0.6524050831794739
0.5495352149009705,1,15029,0.5986824035644531
0.5251395106315613,1,17780,0.6440913081169128
0.472746878862381,0,70398,0.6400745511054993
0.45060235261917114,0,256067,0.5989328026771545
0.4662248194217682,0,80920,0.627780556678772
0.44495517015457153,0,195398,0.588706374168396
0.44007501006126404,0,146312,0.5799524784088135
0.49014991521835327,0,110696,0.6736385226249695
0.4365810453891754,0,135911,0.5737317800521851
0.48404890298843384,0,77877,0.6617432832717896
0.440361887216568,0,145881,0.5804649591445923
0.4520832300186157,0,145434,0.6016318798065186
0.44402480125427246,0,147543,0.5870316028594971
0.47464150190353394,0,107455,0.643674373626709
0.4231553375720978,0,181554,0.5501822829246521
