pred,actual,seqs,loss
0.5605356097221375,1,5658,0.5788624882698059
0.5862584710121155,1,13528,0.5339944958686829
0.48754775524139404,1,158666,0.7183670401573181
0.5903101563453674,1,1519,0.5271071791648865
0.48855769634246826,1,78545,0.7162976861000061
0.5591762065887451,1,12369,0.5812906622886658
0.4405580759048462,1,96926,0.8197129964828491
0.4394378364086151,1,238997,0.8222590088844299
0.5604304671287537,1,15029,0.5790501236915588
0.4794923961162567,1,51091,0.7350272536277771
0.43377581238746643,0,106275,0.5687651634216309
0.4492451846599579,0,80171,0.596465528011322
0.4319581389427185,0,167489,0.5655601620674133
0.4473894536495209,0,166515,0.5931017994880676
0.4200851321220398,0,127696,0.5448739528656006
0.5204837918281555,0,37149,0.7349776029586792
0.4358278214931488,0,87892,0.5723958015441895
0.4329753816127777,0,98249,0.5673525333404541
0.4493383467197418,0,111859,0.5966347455978394
0.4290132224559784,0,144199,0.5603892207145691
0.4382830560207367,0,127930,0.5767571926116943
0.42502260208129883,0,137701,0.5534245371818542
0.5385133028030396,0,64456,0.7733020782470703
