pred,actual,seqs,loss
0.6127761602401733,1,5658,0.4897555708885193
0.6466100811958313,1,13528,0.43601182103157043
0.49320903420448303,1,158666,0.7068222165107727
0.6535659432411194,1,1519,0.4253118336200714
0.4992969334125519,1,78545,0.694554328918457
0.6075367331504822,1,12369,0.4983426332473755
0.42454656958580017,1,96926,0.8567335605621338
0.4220764935016632,1,238997,0.862568736076355
0.6100013256072998,1,15029,0.4942941665649414
0.48586371541023254,1,51091,0.7218270897865295
0.4145612120628357,0,106275,0.5353936553001404
0.4400272071361542,0,80171,0.5798670649528503
0.4096235930919647,0,167489,0.5269949436187744
0.4349942207336426,0,166515,0.5709193348884583
0.3938769996166229,0,127696,0.5006723403930664
0.5462548732757568,0,37149,0.7902196645736694
0.41556400060653687,0,87892,0.5371080040931702
0.4127780795097351,0,98249,0.5323524475097656
0.4389558732509613,0,111859,0.5779557228088379
0.40804845094680786,0,144199,0.5243304967880249
0.42398515343666077,0,127930,0.5516218543052673
0.3996307849884033,0,137701,0.5102104544639587
0.573632538318634,0,64456,0.8524537086486816
