pred,actual,seqs,loss
0.7335923910140991,1,102108,0.30980172753334045
0.7312714457511902,1,12369,0.3129705488681793
0.5858651995658875,1,24746,0.534665584564209
0.5586649775505066,1,51091,0.5822052955627441
0.6300812363624573,1,2917,0.4619065225124359
0.5214020013809204,1,47220,0.6512339115142822
0.3958027958869934,1,158666,0.9268391728401184
0.559550404548645,1,19695,0.5806216597557068
0.5416874885559082,1,46182,0.6130660176277161
0.6498687863349915,1,17780,0.4309847950935364
0.3810122609138489,0,158091,0.47966980934143066
0.38965630531311035,0,156529,0.4937330484390259
0.35941898822784424,0,240538,0.44537967443466187
0.3842758536338806,0,90302,0.4849562346935272
0.3942864239215851,0,113668,0.5013480186462402
0.3559395968914032,0,216753,0.439962774515152
0.3928537666797638,0,70398,0.4989855885505676
0.3473409414291382,0,251066,0.4267004132270813
0.46160146594047546,0,137701,0.6191562414169312
0.4774045944213867,0,144199,0.6489477157592773
0.36990442872047424,0,195398,0.4618837833404541
0.6268423199653625,0,64456,0.9857542514801025
0.3676077127456665,0,222609,0.4582453668117523
