pred,actual,seqs,loss
0.4965221583843231,1,18253,0.7001271843910217
0.49768003821372986,1,46182,0.6977978944778442
0.4939711391925812,1,102108,0.7052781581878662
0.49779585003852844,1,23766,0.6975651979446411
0.49583542346954346,1,42684,0.7015112042427063
0.49154162406921387,1,68651,0.7102086544036865
0.4935089647769928,1,47220,0.7062142491340637
0.4935220777988434,1,114418,0.7061876654624939
0.4962061941623688,1,15029,0.7007637023925781
0.5042428970336914,1,8244,0.6846972107887268
0.4885624647140503,0,107960,0.670529842376709
0.48457685112953186,0,100581,0.6627670526504517
0.4878752529621124,0,74702,0.669187068939209
0.4866120517253876,0,134469,0.6667234897613525
0.48342904448509216,0,277917,0.6605426073074341
0.4830678105354309,0,181554,0.6598435640335083
0.4912760853767395,0,144068,0.6758497953414917
0.4865495264530182,0,77877,0.6666017174720764
0.48595061898231506,0,127696,0.6654359698295593
0.4883618950843811,0,64456,0.6701377034187317
0.4915640950202942,0,139303,0.6764160990715027
0.4871188700199127,0,156529,0.6677111983299255
0.48588159680366516,0,82902,0.6653016805648804
