pred,actual,seqs,loss
0.5291858315467834,1,46796,0.6364156007766724
0.5842916965484619,1,12489,0.5373549461364746
0.4775647521018982,1,78545,0.7390555143356323
0.5878010392189026,1,7177,0.531366765499115
0.5937620997428894,1,23459,0.5212765336036682
0.48780351877212524,1,68651,0.7178425788879395
0.5052560567855835,1,17780,0.6826899647712708
0.4923708736896515,1,96926,0.7085230350494385
0.5600096583366394,1,8244,0.5798012614250183
0.510870099067688,1,88862,0.6716399192810059
0.43813279271125793,0,177046,0.5764897465705872
0.469766229391098,0,92854,0.6344373226165771
0.43734830617904663,0,195398,0.5750945210456848
0.45474982261657715,0,111859,0.6065105199813843
0.45497530698776245,0,146036,0.6069241762161255
0.44946736097335815,0,114695,0.5968690514564514
0.4551466703414917,0,72024,0.6072386503219604
0.4530043601989746,0,96990,0.6033144593238831
0.4492103159427643,0,100581,0.5964022278785706
0.4426124095916748,0,144068,0.584494411945343
0.48393338918685913,0,80171,0.6615194082260132
0.4545247554779053,0,79946,0.6060978770256042
0.45615607500076294,0,91332,0.6090929508209229
0.44848448038101196,0,87892,0.5950853228569031
