pred,actual,seqs,loss
0.4871640205383301,1,68651,0.719154417514801
0.49350669980049133,1,46182,0.7062188386917114
0.4937662184238434,1,29270,0.7056931257247925
0.49607720971107483,1,48049,0.7010236978530884
0.4893834590911865,1,238997,0.714608907699585
0.48788970708847046,1,133752,0.7176659107208252
0.49914494156837463,1,8244,0.6948587894439697
0.49451491236686707,1,22187,0.704177975654602
0.4939911961555481,1,5658,0.7052375674247742
0.4853575825691223,1,102108,0.7228693962097168
0.48764026165008545,0,166515,0.6687282919883728
0.4828886389732361,0,156529,0.6594970226287842
0.48912522196769714,0,90302,0.6716307997703552
0.48719221353530884,0,134340,0.6678541898727417
0.48769718408584595,0,91221,0.6688393950462341
0.4873277246952057,0,132154,0.6681184768676758
0.4868144690990448,0,146312,0.6671178340911865
0.4845290184020996,0,248271,0.6626742482185364
0.4872184097766876,0,80171,0.6679052710533142
0.4841809868812561,0,106275,0.6619993448257446
0.4866282045841217,0,152433,0.666754961013794
0.48769140243530273,0,101001,0.6688281297683716
0.4918130338191986,0,82902,0.6769058704376221
0.4881966710090637,0,91332,0.6698148250579834
