pred,actual,seqs,loss
0.48444992303848267,1,46796,0.7247412204742432
0.49055302143096924,1,7370,0.7122219204902649
0.4859616756439209,1,48049,0.7216255068778992
0.49361616373062134,1,12489,0.7059970498085022
0.4874645471572876,1,177069,0.7185376882553101
0.48837748169898987,1,20990,0.7166666388511658
0.48920661211013794,1,13528,0.7149703502655029
0.4964807331562042,1,8244,0.7002106308937073
0.48439061641693115,1,24746,0.7248636484146118
0.4983508884906769,1,1519,0.6964508295059204
0.4816695749759674,0,126860,0.6571423411369324
0.4828498959541321,0,93980,0.6594220995903015
0.4834124445915222,0,134469,0.6605104804039001
0.48099926114082336,0,152433,0.6558499932289124
0.4841431975364685,0,37149,0.6619260907173157
0.48266908526420593,0,132154,0.6590725183486938
0.48050621151924133,0,158091,0.6549004316329956
0.48127982020378113,0,137701,0.6563906669616699
0.4819291830062866,0,70398,0.6576433181762695
0.4825303554534912,0,64456,0.6588044166564941
0.48199427127838135,0,80920,0.657768964767456
0.48771533370018005,0,82902,0.6688748002052307
0.4905448853969574,0,145881,0.6744135022163391
