pred,actual,seqs,loss
0.7290905117988586,1,102108,0.3159573972225189
0.7261058688163757,1,12369,0.3200594484806061
0.583243191242218,1,24746,0.5391510725021362
0.5560867190361023,1,51091,0.5868310332298279
0.6267059445381165,1,2917,0.4672778248786926
0.5205002427101135,1,47220,0.6529649496078491
0.396950900554657,1,158666,0.9239426851272583
0.5577253699302673,1,19695,0.583888590335846
0.5402119159698486,1,46182,0.615793764591217
0.6464254856109619,1,17780,0.43629735708236694
0.38289910554885864,0,158091,0.48272275924682617
0.3905286192893982,0,156529,0.49516329169273376
0.3614867031574249,0,240538,0.448612779378891
0.38564738631248474,0,90302,0.4871862232685089
0.3958311080932617,0,113668,0.503901481628418
0.35758528113365173,0,216753,0.44252121448516846
0.39456906914711,0,70398,0.5018147826194763
0.3498772978782654,0,251066,0.43059417605400085
0.4617052972316742,0,137701,0.6193491220474243
0.4780791997909546,0,144199,0.6502394080162048
0.37106019258499146,0,195398,0.4637197256088257
0.623554527759552,0,64456,0.976982057094574
0.3698129951953888,0,222609,0.4617386758327484
