pred,actual,seqs,loss
0.5010275840759277,1,46796,0.6910941004753113
0.5163366794586182,1,12489,0.6609962582588196
0.4900541603565216,1,78545,0.7132393717765808
0.5233982801437378,1,7177,0.6474125981330872
0.5118600130081177,1,23459,0.6697040796279907
0.49046802520751953,1,68651,0.712395191192627
0.49925053119659424,1,17780,0.6946472525596619
0.495807409286499,1,96926,0.7015677094459534
0.5110492706298828,1,8244,0.6712892651557922
0.49594053626060486,1,88862,0.701299250125885
0.48200976848602295,0,177046,0.6577988862991333
0.48706915974617004,0,92854,0.6676142811775208
0.4824265241622925,0,195398,0.6586037874221802
0.48873114585876465,0,111859,0.670859694480896
0.48592862486839294,0,146036,0.6653931736946106
0.4846540689468384,0,114695,0.662916898727417
0.48810309171676636,0,72024,0.6696320176124573
0.485086590051651,0,96990,0.6637565493583679
0.48422855138778687,0,100581,0.6620915532112122
0.48319149017333984,0,144068,0.6600828766822815
0.49260950088500977,0,80171,0.6784743666648865
0.4867575466632843,0,79946,0.6670069098472595
0.4852098524570465,0,91332,0.6639959216117859
0.48643958568573,0,87892,0.6663876175880432
