pred,actual,seqs,loss
0.45494237542152405,1,158666,0.7875845432281494
0.5362313985824585,1,13528,0.6231895089149475
0.5421543717384338,1,8244,0.6122044920921326
0.46893182396888733,1,177069,0.7572978734970093
0.4843731224536896,1,47220,0.7248997688293457
0.49702882766723633,1,19695,0.6991072297096252
0.5272548794746399,1,17700,0.6400712132453918
0.5169700980186462,1,20990,0.6597702503204346
0.5424149632453918,1,15029,0.6117239594459534
0.5209773182868958,1,17780,0.6520487666130066
0.47297847270965576,0,70398,0.6405138969421387
0.4528835415840149,0,256067,0.6030936241149902
0.4678705930709839,0,80920,0.6308685541152954
0.4484448730945587,0,195398,0.5950134992599487
0.4433705508708954,0,146312,0.5858555436134338
0.48970022797584534,0,110696,0.6727569103240967
0.44061481952667236,0,135911,0.5809170007705688
0.48265740275382996,0,77877,0.6590499877929688
0.44310542941093445,0,145881,0.5853793621063232
0.45435425639152527,0,145434,0.6057853102684021
0.4470575749874115,0,147543,0.5925014019012451
0.47537046670913696,0,107455,0.6450629234313965
0.42939019203186035,0,181554,0.5610496401786804
