pred,actual,seqs,loss
0.7498598098754883,1,102108,0.28786900639533997
0.7507421374320984,1,12369,0.2866930365562439
0.5962032079696655,1,24746,0.517173707485199
0.569858968257904,1,51091,0.5623663663864136
0.6444238424301147,1,2917,0.4393986165523529
0.5254349708557129,1,47220,0.6435288190841675
0.3921625018119812,1,158666,0.9360789656639099
0.567237138748169,1,19695,0.566977858543396
0.5477690100669861,1,46182,0.6019015908241272
0.6628350019454956,1,17780,0.4112291932106018
0.374194473028183,0,158091,0.4687156081199646
0.3861701190471649,0,156529,0.48803746700286865
0.35139238834381104,0,240538,0.43292734026908875
0.37955448031425476,0,90302,0.4773174822330475
0.38892245292663574,0,113668,0.492531418800354
0.3491528332233429,0,216753,0.4294804334640503
0.38686710596084595,0,70398,0.4891735911369324
0.3384149968624115,0,251066,0.41311681270599365
0.4616973102092743,0,137701,0.6193342804908752
0.4773077964782715,0,144199,0.6487625241279602
0.36607497930526733,0,195398,0.455824613571167
0.6389737129211426,0,64456,1.0188045501708984
0.3601120412349701,0,222609,0.4464621841907501
