pred,actual,seqs,loss
0.4875800609588623,1,68651,0.7183007597923279
0.48681244254112244,1,46182,0.7198763489723206
0.48688462376594543,1,29270,0.7197281122207642
0.49137720465660095,1,48049,0.7105432152748108
0.48805156350135803,1,238997,0.7173342108726501
0.48486945033073425,1,133752,0.7238755822181702
0.49109363555908203,1,8244,0.7111204862594604
0.48702192306518555,1,22187,0.7194461226463318
0.48697495460510254,1,5658,0.7195425629615784
0.4853413999080658,1,102108,0.7229027152061462
0.48663362860679626,0,166515,0.6667655110359192
0.48291176557540894,0,156529,0.6595417261123657
0.48312100768089294,0,90302,0.6599465012550354
0.4854472577571869,0,134340,0.6644572019577026
0.4871894419193268,0,91221,0.6678487658500671
0.48527291417121887,0,132154,0.6641184687614441
0.48574182391166687,0,146312,0.6650298833847046
0.48553699254989624,0,248271,0.6646316051483154
0.4861038029193878,0,80171,0.6657339930534363
0.4833280146121979,0,106275,0.660347044467926
0.4852713346481323,0,152433,0.6641153693199158
0.4829641282558441,0,101001,0.6596430540084839
0.48754432797431946,0,82902,0.6685410737991333
0.4866957366466522,0,91332,0.6668865084648132
