pred,actual,seqs,loss
0.5106609463691711,1,13528,0.6720494031906128
0.5040575265884399,1,29270,0.6850648522377014
0.5229852795600891,1,1741,0.6482019424438477
0.4998353123664856,1,102108,0.6934766173362732
0.501550018787384,1,73562,0.6900519132614136
0.505325436592102,1,19978,0.6825526356697083
0.5111750364303589,1,7177,0.6710432171821594
0.5059852004051208,1,27231,0.6812478303909302
0.5052571296691895,1,47220,0.6826878190040588
0.5049217939376831,1,42684,0.6833517551422119
0.49893802404403687,0,127278,0.6910254955291748
0.5014857649803162,0,113668,0.6961231231689453
0.5003857016563416,0,257248,0.6939188838005066
0.5025053024291992,0,82902,0.6981703639030457
0.5021412968635559,0,100581,0.6974389553070068
0.497333288192749,0,238661,0.6878279447555542
0.4997292459011078,0,139303,0.6926057934761047
0.5001919865608215,0,107960,0.6935312151908875
0.5008760094642639,0,158091,0.6949007511138916
0.5005476474761963,0,123268,0.6942430734634399
0.5026586651802063,0,72024,0.6984786987304688
0.5068292021751404,0,37149,0.7068997025489807
0.5013741254806519,0,240538,0.6958991885185242
