pred,actual,seqs,loss
0.479724258184433,1,102108,0.7345438003540039
0.47205308079719543,1,12369,0.7506638169288635
0.46980705857276917,1,24746,0.755433201789856
0.4650110602378845,1,51091,0.7656940817832947
0.4689486026763916,1,2917,0.757262110710144
0.46366792917251587,1,47220,0.7685866355895996
0.4641973078250885,1,158666,0.7674455642700195
0.46706297993659973,1,19695,0.7612911462783813
0.4667308032512665,1,46182,0.7620026469230652
0.4708683490753174,1,17780,0.753176748752594
0.45712989568710327,0,158091,0.6108852028846741
0.4669584035873413,0,156529,0.6291558146476746
0.4565814137458801,0,240538,0.6098753809928894
0.4606877565383911,0,90302,0.6174606084823608
0.46216830611228943,0,113668,0.6202095746994019
0.4594111144542694,0,216753,0.6150962114334106
0.4626077115535736,0,70398,0.6210269331932068
0.462231308221817,0,251066,0.6203267574310303
0.46539148688316345,0,137701,0.6262205839157104
0.46739909052848816,0,144199,0.6299828886985779
0.4619874954223633,0,195398,0.6198734641075134
0.47352874279022217,0,64456,0.6415585279464722
0.46117693185806274,0,222609,0.6183680295944214
