pred,actual,seqs,loss
0.5115369558334351,1,13528,0.6703354716300964
0.505439043045044,1,29270,0.6823278665542603
0.5227682590484619,1,1741,0.6486170291900635
0.5015406608581543,1,102108,0.6900705695152283
0.5031272768974304,1,73562,0.6869121193885803
0.506660521030426,1,19978,0.6799140572547913
0.5119052529335022,1,7177,0.6696157455444336
0.5072450041770935,1,27231,0.6787611246109009
0.5065237879753113,1,47220,0.680184006690979
0.5062181353569031,1,42684,0.6807876229286194
0.5007679462432861,0,127278,0.6946842670440674
0.5031135678291321,0,113668,0.6993938088417053
0.5020774602890015,0,257248,0.697310745716095
0.5040491819381714,0,82902,0.7012785077095032
0.5036628246307373,0,100581,0.7004997730255127
0.49931275844573975,0,238661,0.6917736530303955
0.501526951789856,0,139303,0.696205735206604
0.5019388198852539,0,107960,0.6970323324203491
0.5025148391723633,0,158091,0.6981895565986633
0.5022989511489868,0,123268,0.6977556943893433
0.5042138695716858,0,72024,0.7016106247901917
0.5080168843269348,0,37149,0.7093108892440796
0.503054678440094,0,240538,0.6992752552032471
