pred,actual,seqs,loss
0.5199439525604248,1,46796,0.6540342569351196
0.567075252532959,1,12489,0.5672632455825806
0.480263888835907,1,78545,0.7334195375442505
0.5699027180671692,1,7177,0.5622895956039429
0.5706517696380615,1,23459,0.5609761476516724
0.48632216453552246,1,68651,0.7208839654922485
0.5036812424659729,1,17780,0.6858116388320923
0.4938357472419739,1,96926,0.705552339553833
0.546210527420044,1,8244,0.6047508120536804
0.5042076706886292,1,88862,0.6847670674324036
0.4503558874130249,0,177046,0.5984842777252197
0.47328898310661316,0,92854,0.6411032676696777
0.4503077268600464,0,195398,0.5983966588973999
0.4639924168586731,0,111859,0.6236069798469543
0.4642457067966461,0,146036,0.6240796446800232
0.4597829282283783,0,114695,0.615784227848053
0.4644486606121063,0,72024,0.6244585514068604
0.4609469771385193,0,96990,0.6179413199424744
0.45898932218551636,0,100581,0.6143162846565247
0.454890638589859,0,144068,0.6067688465118408
0.4859701097011566,0,80171,0.6654738783836365
0.46278756856918335,0,79946,0.6213616728782654
0.4647986590862274,0,91332,0.6251122951507568
0.4599922299385071,0,87892,0.6161717772483826
