pred,actual,seqs,loss
0.5005094408988953,1,18253,0.6921288371086121
0.5003101825714111,1,46182,0.6925269961357117
0.5015705227851868,1,102108,0.6900110840797424
0.5033107399940491,1,23766,0.6865475177764893
0.500946581363678,1,42684,0.6912558078765869
0.49900585412979126,1,68651,0.6951374411582947
0.5017086267471313,1,47220,0.6897357702255249
0.5021759271621704,1,114418,0.6888047456741333
0.5019069314002991,1,15029,0.6893405914306641
0.505233645439148,1,8244,0.6827343106269836
0.4994206130504608,0,107960,0.6919890642166138
0.4979478120803833,0,100581,0.6890512108802795
0.500461220741272,0,74702,0.694070041179657
0.49652400612831116,0,134469,0.6862192749977112
0.49628812074661255,0,277917,0.6857508420944214
0.4965614378452301,0,181554,0.6862936019897461
0.49743402004241943,0,144068,0.6880283355712891
0.4991346001625061,0,77877,0.6914178729057312
0.4975808560848236,0,127696,0.6883205771446228
0.4989352822303772,0,64456,0.6910200119018555
0.4986065924167633,0,139303,0.6903642416000366
0.497260183095932,0,156529,0.6876825094223022
0.4961705207824707,0,82902,0.685517430305481
