pred,actual,seqs,loss
0.49660977721214294,1,18253,0.6999506950378418
0.49786055088043213,1,46182,0.6974352598190308
0.49607861042022705,1,102108,0.7010208964347839
0.5001811981201172,1,23766,0.69278484582901
0.49705180525779724,1,42684,0.6990610361099243
0.49388644099235535,1,68651,0.705449640750885
0.496645450592041,1,47220,0.6998788714408875
0.4985000193119049,1,114418,0.6961516737937927
0.4974161982536316,1,15029,0.6983281970024109
0.5033946633338928,1,8244,0.6863808035850525
0.49290579557418823,0,107960,0.6790584921836853
0.49083685874938965,0,100581,0.6749867796897888
0.4941186010837555,0,74702,0.6814530491828918
0.49079325795173645,0,134469,0.6749011874198914
0.4897577464580536,0,277917,0.6728696823120117
0.4891566038131714,0,181554,0.6716921925544739
0.49360617995262146,0,144068,0.6804406046867371
0.49199607968330383,0,77877,0.6772661209106445
0.49128586053848267,0,127696,0.6758690476417542
0.49311697483062744,0,64456,0.6794750094413757
0.4946582317352295,0,139303,0.68252032995224
0.49096590280532837,0,156529,0.6752402782440186
0.4895632863044739,0,82902,0.6724886298179626
