pred,actual,seqs,loss
0.4990949332714081,1,18253,0.6949589848518372
0.49960049986839294,1,46182,0.6939464807510376
0.49954909086227417,1,102108,0.6940494179725647
0.5023006796836853,1,23766,0.6885563731193542
0.499237984418869,1,42684,0.6946724057197571
0.4971955716609955,1,68651,0.6987718343734741
0.499920129776001,1,47220,0.6933069229125977
0.5009855628013611,1,114418,0.691178023815155
0.5003816485404968,1,15029,0.6923841834068298
0.5044406056404114,1,8244,0.6843051910400391
0.49705204367637634,0,107960,0.6872685551643372
0.49553027749061584,0,100581,0.6842474341392517
0.4983137547969818,0,74702,0.6897803544998169
0.49451830983161926,0,134469,0.6822434663772583
0.49403631687164307,0,277917,0.6812903881072998
0.4940415322780609,0,181554,0.681300699710846
0.49598029255867004,0,144068,0.6851398944854736
0.496782511472702,0,77877,0.686732828617096
0.4953027665615082,0,127696,0.6837965846061707
0.4967629313468933,0,64456,0.6866939067840576
0.49713829159736633,0,139303,0.6874400973320007
0.4947843849658966,0,156529,0.6827699542045593
0.4937479496002197,0,82902,0.6807206273078918
