pred,actual,seqs,loss
0.45507052540779114,1,158666,0.7873028516769409
0.5353230237960815,1,13528,0.6248849630355835
0.5410604476928711,1,8244,0.6142242550849915
0.46871843934059143,1,177069,0.7577530145645142
0.4841438829898834,1,47220,0.7253731489181519
0.49679499864578247,1,19695,0.699577808380127
0.5264513492584229,1,17700,0.6415963768959045
0.5163038969039917,1,20990,0.6610597372055054
0.5413524508476257,1,15029,0.6136847138404846
0.5202894806861877,1,17780,0.6533699035644531
0.47285887598991394,0,70398,0.6402869820594788
0.4531037211418152,0,256067,0.6034961342811584
0.46788138151168823,0,80920,0.630888819694519
0.44881370663642883,0,195398,0.5956824421882629
0.4437723755836487,0,146312,0.5865776538848877
0.48943325877189636,0,110696,0.6722339391708374
0.44109198451042175,0,135911,0.5817703604698181
0.48238658905029297,0,77877,0.6585266590118408
0.4434469938278198,0,145881,0.5859928727149963
0.45459258556365967,0,145434,0.6062222123146057
0.4474160075187683,0,147543,0.5931498408317566
0.4753245711326599,0,107455,0.6449754238128662
0.4301993250846863,0,181554,0.5624686479568481
