pred,actual,seqs,loss
0.6464521288871765,1,102108,0.43625614047050476
0.6383746266365051,1,12369,0.4488299787044525
0.5427636504173279,1,24746,0.6110813021659851
0.5158249735832214,1,51091,0.6619877815246582
0.5514524579048157,1,2917,0.5951996445655823
0.5047011375427246,1,47220,0.6837888360023499
0.427461713552475,1,158666,0.8498905897140503
0.5187103152275085,1,19695,0.656409740447998
0.518758237361908,1,46182,0.6563173532485962
0.5949974060058594,1,17780,0.5191982388496399
0.417475163936615,0,158091,0.5403834581375122
0.41542553901672363,0,156529,0.5368711352348328
0.40286770462989807,0,240538,0.5156165957450867
0.423127681016922,0,90302,0.5501343011856079
0.4296364188194275,0,113668,0.561481237411499
0.39807775616645813,0,216753,0.507627010345459
0.42931458353996277,0,70398,0.5609171390533447
0.4020424783229828,0,251066,0.5142355561256409
0.4689006805419922,0,137701,0.6328062415122986
0.4827294647693634,0,144199,0.6591892838478088
0.4081529676914215,0,195398,0.5245070457458496
0.5687519907951355,0,64456,0.8410719633102417
0.40861180424690247,0,222609,0.525282621383667
