pred,actual,seqs,loss
0.5346521139144897,1,46796,0.6261389851570129
0.594799280166626,1,12489,0.51953125
0.4763484001159668,1,78545,0.7416057586669922
0.5986142158508301,1,7177,0.513137936592102
0.6071802377700806,1,23459,0.49892961978912354
0.4887198209762573,1,68651,0.7159659266471863
0.5071642994880676,1,17780,0.6789202690124512
0.4915350675582886,1,96926,0.7102220058441162
0.5682379603385925,1,8244,0.565214991569519
0.5149321556091309,1,88862,0.6637201309204102
0.43198323249816895,0,177046,0.5656043291091919
0.46794554591178894,0,92854,0.6310094594955444
0.43058452010154724,0,195398,0.5631449222564697
0.45005685091018677,0,111859,0.5979403853416443
0.4503810405731201,0,146036,0.5985300540924072
0.4438391625881195,0,114695,0.5866977572441101
0.45015278458595276,0,72024,0.5981148481369019
0.44907572865486145,0,96990,0.5961579084396362
0.4439285397529602,0,100581,0.5868584513664246
0.43623849749565125,0,144068,0.5731239914894104
0.4831081032752991,0,80171,0.6599215269088745
0.450343519449234,0,79946,0.5984617471694946
0.45153889060020447,0,91332,0.6006389260292053
0.4429147243499756,0,87892,0.5850369334220886
