pred,actual,seqs,loss
0.4965049624443054,1,18253,0.7001618146896362
0.497539758682251,1,46182,0.6980798244476318
0.4948982298374176,1,102108,0.703403115272522
0.4989810585975647,1,23766,0.6951871514320374
0.4961974024772644,1,42684,0.7007814645767212
0.49205854535102844,1,68651,0.7091575860977173
0.49469712376594543,1,47220,0.7038095593452454
0.49649283289909363,1,114418,0.7001862525939941
0.49627265334129333,1,15029,0.7006298303604126
0.5036612153053284,1,8244,0.6858514547348022
0.49063825607299805,0,107960,0.6745968461036682
0.48686760663986206,0,100581,0.6672213673591614
0.4912565350532532,0,74702,0.6758114099502563
0.48857444524765015,0,134469,0.6705532670021057
0.486513614654541,0,277917,0.6665317416191101
0.4857642352581024,0,181554,0.6650734543800354
0.4926545321941376,0,144068,0.678563117980957
0.48868462443351746,0,77877,0.6707687377929688
0.48855382204055786,0,127696,0.6705129146575928
0.4906655251979828,0,64456,0.6746503710746765
0.49318015575408936,0,139303,0.6795997023582458
0.4888432025909424,0,156529,0.6710789203643799
0.48709869384765625,0,82902,0.6676718592643738
