pred,actual,seqs,loss
0.5556041598320007,1,46796,0.5876991748809814
0.6321979761123657,1,12489,0.45855265855789185
0.47387000918388367,1,78545,0.7468222379684448
0.6382790207862854,1,7177,0.44897976517677307
0.6551209688186646,1,23459,0.4229353666305542
0.49347004294395447,1,68651,0.7062931060791016
0.5172844529151917,1,17780,0.6591623425483704
0.4902411699295044,1,96926,0.7128578424453735
0.5972669124603271,1,8244,0.5153911709785461
0.5312643647193909,1,88862,0.6324955224990845
0.4122489392757416,0,177046,0.5314518213272095
0.462452232837677,0,92854,0.6207376718521118
0.4094886779785156,0,195398,0.5267664790153503
0.4344628155231476,0,111859,0.5699792504310608
0.43588536977767944,0,146036,0.5724977850914001
0.42541393637657166,0,114695,0.5541054010391235
0.4340803623199463,0,72024,0.5693032145500183
0.43708449602127075,0,96990,0.5746257305145264
0.4275031089782715,0,100581,0.5577479600906372
0.4156472086906433,0,144068,0.5372503995895386
0.4815448820590973,0,80171,0.6569018363952637
0.4373268783092499,0,79946,0.5750564336776733
0.43745559453964233,0,91332,0.5752851963043213
0.4247143566608429,0,87892,0.5528885722160339
