pred,actual,seqs,loss
0.4997718036174774,1,18253,0.6936036944389343
0.4999293088912964,1,46182,0.6932885646820068
0.5004964470863342,1,102108,0.6921547651290894
0.5027487874031067,1,23766,0.6876646876335144
0.5000210404396057,1,42684,0.6931051015853882
0.4980807304382324,1,68651,0.6969931125640869
0.5007509589195251,1,47220,0.6916463971138
0.5015117526054382,1,114418,0.6901282668113708
0.5011204481124878,1,15029,0.6909087896347046
0.5047743320465088,1,8244,0.6836438179016113
0.49815136194229126,0,107960,0.6894567012786865
0.49668392539024353,0,100581,0.6865369081497192
0.49937760829925537,0,74702,0.6919031739234924
0.49545735120773315,0,134469,0.6841028928756714
0.4951271116733551,0,277917,0.6834486126899719
0.49526894092559814,0,181554,0.6837295293807983
0.4965963065624237,0,144068,0.6863628625869751
0.49797263741493225,0,77877,0.6891006827354431
0.4963894188404083,0,127696,0.6859519481658936
0.4977821111679077,0,64456,0.688721239566803
0.4978148937225342,0,139303,0.688786506652832
0.49588993191719055,0,156529,0.684960663318634
0.49494850635528564,0,82902,0.68309485912323
