pred,actual,seqs,loss
0.6809766888618469,1,5658,0.3842272162437439
0.716344952583313,1,13528,0.3335934579372406
0.5011728405952454,1,158666,0.6908042430877686
0.7266329526901245,1,1519,0.3193338215351105
0.5161859393119812,1,78545,0.6612882614135742
0.668429970741272,1,12369,0.40282365679740906
0.4018498659133911,1,96926,0.9116767644882202
0.39526158571243286,1,238997,0.928207516670227
0.6725170612335205,1,15029,0.3967278003692627
0.4966280460357666,1,51091,0.6999139189720154
0.38968417048454285,0,106275,0.49377870559692383
0.4301266074180603,0,80171,0.5623410940170288
0.37664368748664856,0,167489,0.47263699769973755
0.41856062412261963,0,166515,0.542248547077179
0.3607138991355896,0,127696,0.4474031925201416
0.5803682804107666,0,37149,0.8683778047561646
0.389319509267807,0,87892,0.49318140745162964
0.3873452842235565,0,98249,0.48995375633239746
0.42537596821784973,0,111859,0.5540392994880676
0.37671154737472534,0,144199,0.4727458655834198
0.40295687317848206,0,127930,0.515765905380249
0.3642325699329376,0,137701,0.4529224634170532
0.6223070621490479,0,64456,0.9736737608909607
