pred,actual,seqs,loss
0.4816834628582001,1,68651,0.7304680943489075
0.47984784841537476,1,46182,0.7342861890792847
0.4790554642677307,1,29270,0.7359389066696167
0.4825253188610077,1,48049,0.7287218570709229
0.48006319999694824,1,238997,0.7338375449180603
0.47872674465179443,1,133752,0.7366253137588501
0.4805700480937958,1,8244,0.7327823042869568
0.4786679446697235,1,22187,0.7367481589317322
0.4770282208919525,1,5658,0.7401796579360962
0.48099225759506226,1,102108,0.7319040894508362
0.48002660274505615,0,166515,0.653977632522583
0.4781998097896576,0,156529,0.6504705548286438
0.47808656096458435,0,90302,0.6502535343170166
0.48013991117477417,0,134340,0.6541955471038818
0.48130002617836,0,91221,0.656429648399353
0.47963082790374756,0,132154,0.6532167792320251
0.47992756962776184,0,146312,0.6537871956825256
0.4795072376728058,0,248271,0.65297931432724
0.47912922501564026,0,80171,0.6522533297538757
0.47918593883514404,0,106275,0.6523621678352356
0.4778960049152374,0,152433,0.6498885154724121
0.47721177339553833,0,101001,0.6485788226127625
0.4794166386127472,0,82902,0.6528052687644958
0.4816640019416809,0,91332,0.6571316123008728
