pred,actual,seqs,loss
0.4871859848499298,1,68651,0.7191093564033508
0.48593124747276306,1,46182,0.7216881513595581
0.48494407534599304,1,29270,0.7237216830253601
0.49004751443862915,1,48049,0.7132529020309448
0.4870359003543854,1,238997,0.7194174528121948
0.48408129811286926,1,133752,0.7255024313926697
0.48900482058525085,1,8244,0.7153829336166382
0.48554062843322754,1,22187,0.7224923372268677
0.4855116903781891,1,5658,0.7225519418716431
0.48535314202308655,1,102108,0.7228785157203674
0.48561280965805054,0,166515,0.664779007434845
0.4829646944999695,0,156529,0.6596441268920898
0.48197439312934875,0,90302,0.6577305793762207
0.48510390520095825,0,134340,0.6637901663780212
0.48667609691619873,0,91221,0.6668482422828674
0.4843192994594574,0,132154,0.6622675061225891
0.48491641879081726,0,146312,0.6634261012077332
0.4847026467323303,0,248271,0.6630111336708069
0.4853096902370453,0,80171,0.664189875125885
0.48336854577064514,0,106275,0.6604255437850952
0.48409202694892883,0,152433,0.6618268489837646
0.4816267788410187,0,101001,0.6570597887039185
0.48605695366859436,0,82902,0.6656427979469299
0.485940158367157,0,91332,0.6654155850410461
