pred,actual,seqs,loss
0.4894212484359741,1,46796,0.7145317196846008
0.496038556098938,1,7370,0.7011016011238098
0.490552693605423,1,48049,0.7122225761413574
0.4983155429363251,1,12489,0.6965217590332031
0.49093204736709595,1,177069,0.7114495635032654
0.49270984530448914,1,20990,0.7078348398208618
0.494165301322937,1,13528,0.7048851847648621
0.500707745552063,1,8244,0.6917327046394348
0.48922306299209595,1,24746,0.7149367332458496
0.5040622353553772,1,1519,0.6850555539131165
0.4858044981956482,0,126860,0.6651517152786255
0.48708540201187134,0,93980,0.6676459312438965
0.48790255188941956,0,134469,0.6692403554916382
0.48537465929985046,0,152433,0.6643161177635193
0.4887257516384125,0,37149,0.6708491444587708
0.4871625006198883,0,132154,0.66779625415802
0.48499199748039246,0,158091,0.6635728478431702
0.4856029152870178,0,137701,0.6647597551345825
0.48632171750068665,0,70398,0.666158139705658
0.48679617047309875,0,64456,0.6670821905136108
0.4866265058517456,0,80920,0.6667516231536865
0.49189746379852295,0,82902,0.6770719885826111
0.4936193525791168,0,145881,0.6804666519165039
