pred,actual,seqs,loss
0.4936436414718628,1,46796,0.705941379070282
0.5087331533432007,1,7370,0.67583167552948
0.4940263032913208,1,48049,0.7051665186882019
0.5021273493766785,1,12489,0.6889014840126038
0.48659220337867737,1,177069,0.7203288674354553
0.4957481622695923,1,20990,0.701687216758728
0.4991007447242737,1,13528,0.6949473023414612
0.5020737648010254,1,8244,0.6890082359313965
0.49630019068717957,1,24746,0.7005743384361267
0.5134834051132202,1,1519,0.6665375828742981
0.48576176166534424,0,126860,0.6650686264038086
0.4902113378047943,0,93980,0.6737590432167053
0.49013617634773254,0,134469,0.673611581325531
0.4888775050640106,0,152433,0.6711459755897522
0.49357062578201294,0,37149,0.6803703904151917
0.48917320370674133,0,132154,0.6717246770858765
0.4870644211769104,0,158091,0.6676050424575806
0.4873696267604828,0,137701,0.6682001948356628
0.4898150563240051,0,70398,0.6729819774627686
0.4900900721549988,0,64456,0.6735211610794067
0.49143069982528687,0,80920,0.6761537790298462
0.491452693939209,0,82902,0.6761970520019531
0.48745855689048767,0,145881,0.668373703956604
