pred,actual,seqs,loss
0.49331149458885193,1,46796,0.7066144943237305
0.5100612640380859,1,7370,0.6732244491577148
0.493803471326828,1,48049,0.7056176662445068
0.5026100277900696,1,12489,0.6879407167434692
0.4855242371559143,1,177069,0.7225260734558105
0.49554243683815,1,20990,0.7021023035049438
0.49923476576805115,1,13528,0.6946788430213928
0.5024047493934631,1,8244,0.688349187374115
0.4963848888874054,1,24746,0.7004036903381348
0.5150080323219299,1,1519,0.6635727882385254
0.48471176624298096,0,126860,0.6630288362503052
0.4896364212036133,0,93980,0.6726319193840027
0.4895265996456146,0,134469,0.6724167466163635
0.48822706937789917,0,152433,0.6698742508888245
0.49334120750427246,0,37149,0.6799175143241882
0.4885627031326294,0,132154,0.6705303192138672
0.48613637685775757,0,158091,0.6657973527908325
0.4864984452724457,0,137701,0.6665022373199463
0.48917216062545776,0,70398,0.6717226505279541
0.48960980772972107,0,64456,0.6725797653198242
0.49110445380210876,0,80920,0.6755124926567078
0.4905702471733093,0,82902,0.6744633316993713
0.48628631234169006,0,145881,0.6660891771316528
