pred,actual,seqs,loss
0.4844039976596832,1,68651,0.724835991859436
0.4858812689781189,1,46182,0.7217909693717957
0.48658666014671326,1,29270,0.7203402519226074
0.48995494842529297,1,48049,0.7134418487548828
0.4858139753341675,1,238997,0.7219294905662537
0.48338383436203003,1,133752,0.7269442677497864
0.49043935537338257,1,8244,0.7124536633491516
0.486202210187912,1,22187,0.7211306691169739
0.4859501123428345,1,5658,0.7216492891311646
0.4820684492588043,1,102108,0.7296691536903381
0.4845634400844574,0,166515,0.6627410650253296
0.47963669896125793,0,156529,0.6532280445098877
0.48242029547691345,0,90302,0.6585917472839355
0.4829077422618866,0,134340,0.6595339775085449
0.4846714437007904,0,91221,0.6629506349563599
0.4835185110569,0,132154,0.6607158184051514
0.4838455319404602,0,146312,0.6613491773605347
0.48265886306762695,0,248271,0.6590527892112732
0.48375433683395386,0,80171,0.6611725091934204
0.4801656901836395,0,106275,0.654245138168335
0.48346856236457825,0,152433,0.6606191396713257
0.4821138381958008,0,101001,0.6579998135566711
0.4863211512565613,0,82902,0.6661570072174072
0.48417362570762634,0,91332,0.6619850397109985
