pred,actual,seqs,loss
0.4682791233062744,1,46796,0.7586907148361206
0.47317492961883545,1,7370,0.7482901215553284
0.4711068570613861,1,48049,0.7526703476905823
0.4763997197151184,1,12489,0.7414980530738831
0.47190505266189575,1,177069,0.7509774565696716
0.4727703928947449,1,20990,0.7491454482078552
0.4724288880825043,1,13528,0.7498680353164673
0.47778505086898804,1,8244,0.7385943531990051
0.46869125962257385,1,24746,0.7578110098838806
0.47851571440696716,1,1519,0.7370662093162537
0.46776169538497925,0,126860,0.6306639313697815
0.4692126512527466,0,93980,0.6333938241004944
0.46890053153038025,0,134469,0.6328059434890747
0.46681326627731323,0,152433,0.6288836002349854
0.4693855047225952,0,37149,0.6337195038795471
0.4688294529914856,0,132154,0.632672131061554
0.4663355350494385,0,158091,0.6279879808425903
0.46722760796546936,0,137701,0.629660964012146
0.4670121669769287,0,70398,0.6292566657066345
0.4691172242164612,0,64456,0.6332140564918518
0.4670153260231018,0,80920,0.6292626261711121
0.47402241826057434,0,82902,0.6424967050552368
0.47531816363334656,0,145881,0.6449632048606873
