pred,actual,seqs,loss
0.5762394070625305,1,5658,0.551232099533081
0.6012195944786072,1,13528,0.5087950229644775
0.4909413158893585,1,158666,0.7114306688308716
0.6067649722099304,1,1519,0.49961376190185547
0.49466410279273987,1,78545,0.7038763165473938
0.5722176432609558,1,12369,0.5582358837127686
0.4383372962474823,1,96926,0.8247665762901306
0.43690210580825806,1,238997,0.8280461430549622
0.5752565860748291,1,15029,0.5529391169548035
0.488051176071167,1,51091,0.7173349857330322
0.4324391186237335,0,106275,0.5664072632789612
0.4537861943244934,0,80171,0.6047447919845581
0.4271516799926758,0,167489,0.5571343302726746
0.44772252440452576,0,166515,0.5937047004699707
0.4169711172580719,0,127696,0.5395185351371765
0.5313804745674133,0,37149,0.7579640746116638
0.4339528977870941,0,87892,0.5690779685974121
0.4295893609523773,0,98249,0.5613987445831299
0.45054808259010315,0,111859,0.5988340377807617
0.42408156394958496,0,144199,0.5517892241477966
0.4354555904865265,0,127930,0.571736216545105
0.4186708927154541,0,137701,0.542438268661499
0.5523354411125183,0,64456,0.8037110567092896
