pred,actual,seqs,loss
0.3999095857143402,1,96926,0.9165167808532715
0.5686064958572388,1,27231,0.5645666718482971
0.5440337061882019,1,18253,0.6087440848350525
0.653683602809906,1,45251,0.42513182759284973
0.5138846635818481,1,22187,0.6657564043998718
0.46159496903419495,1,42867,0.7730674743652344
0.5276150107383728,1,78545,0.639388382434845
0.6212021708488464,1,7177,0.4760986864566803
0.6130803823471069,1,14303,0.4892592430114746
0.4256892204284668,1,29722,0.8540457487106323
0.5091439485549927,0,98249,0.7116043567657471
0.3966473639011383,0,87892,0.5052534341812134
0.39452439546585083,0,204472,0.5017409920692444
0.39646366238594055,0,248271,0.5049490332603455
0.3984279930591583,0,190795,0.5082090497016907
0.6165909767150879,0,71134,0.958652913570404
0.392704576253891,0,219289,0.49873989820480347
0.4058854877948761,0,222609,0.5206831693649292
0.39757296442985535,0,96990,0.5067887306213379
0.41067665815353394,0,114695,0.5287802815437317
0.3944985568523407,0,162601,0.5016983151435852
0.4022371768951416,0,107960,0.5145612359046936
0.4719240069389343,0,87367,0.638515055179596
