pred,actual,seqs,loss
0.5153800249099731,1,18253,0.6628507375717163
0.513778030872345,1,46182,0.6659639477729797
0.5157023072242737,1,102108,0.662225604057312
0.5158490538597107,1,23766,0.6619411110877991
0.5173903703689575,1,42684,0.6589576005935669
0.5159100294113159,1,68651,0.6618229150772095
0.5155174732208252,1,47220,0.6625840663909912
0.5159268379211426,1,114418,0.6617903113365173
0.5149370431900024,1,15029,0.6637106537818909
0.5168853402137756,1,8244,0.6599342226982117
0.5159371495246887,0,107960,0.7255405187606812
0.5161203145980835,0,100581,0.7259190082550049
0.5161359906196594,0,74702,0.7259513735771179
0.5152353048324585,0,134469,0.724091649055481
0.5152080655097961,0,277917,0.7240355014801025
0.5149903297424316,0,181554,0.7235864400863647
0.5155664086341858,0,144068,0.724774956703186
0.5166313648223877,0,77877,0.726975679397583
0.5161207914352417,0,127696,0.7259199619293213
0.5151256918907166,0,64456,0.7238655686378479
0.5152475237846375,0,139303,0.724116861820221
0.5150706171989441,0,156529,0.7237520217895508
0.5154270529747009,0,82902,0.7244873046875
