pred,actual,seqs,loss
0.4645969867706299,1,158666,0.7665849328041077
0.49629685282707214,1,13528,0.7005810141563416
0.49743932485580444,1,8244,0.6982817053794861
0.4738013744354248,1,177069,0.746967077255249
0.4755465090274811,1,47220,0.7432906031608582
0.48598000407218933,1,19695,0.7215877771377563
0.49642613530158997,1,17700,0.7003206014633179
0.4927205741405487,1,20990,0.707813024520874
0.5000758171081543,1,15029,0.692995548248291
0.4882639944553375,1,17780,0.716899037361145
0.46851539611816406,0,70398,0.6320810317993164
0.4622093439102173,0,256067,0.6202859282493591
0.4701020419597626,0,80920,0.63507080078125
0.46412551403045654,0,195398,0.6238552927970886
0.4600084722042084,0,146312,0.6162018179893494
0.4800989627838135,0,110696,0.6541168093681335
0.45583537220954895,0,135911,0.6085034608840942
0.48100578784942627,0,77877,0.65586256980896
0.4583347737789154,0,145881,0.6131071448326111
0.46544185280799866,0,145434,0.6263147592544556
0.46132326126098633,0,147543,0.6186396479606628
0.47263938188552856,0,107455,0.6398707032203674
0.4523121416568756,0,181554,0.6020497679710388
