pred,actual,seqs,loss
0.4810648560523987,1,96926,0.7317531704902649
0.5040891170501709,1,27231,0.6850022077560425
0.4958896338939667,1,18253,0.7014018893241882
0.5125903487205505,1,45251,0.6682782769203186
0.49053478240966797,1,22187,0.7122591137886047
0.48909857869148254,1,42867,0.7151912450790405
0.4983580708503723,1,78545,0.6964364647865295
0.5067086815834045,1,7177,0.6798190474510193
0.506839394569397,1,14303,0.6795610785484314
0.48428744077682495,1,29722,0.7250766754150391
0.4946776032447815,0,98249,0.6825586557388306
0.47539904713630676,0,87892,0.6451174020767212
0.47742438316345215,0,204472,0.6489855647087097
0.4738796353340149,0,248271,0.6422252655029297
0.4745219349861145,0,190795,0.6434468030929565
0.5134128332138062,0,71134,0.7203392386436462
0.47065868973731995,0,219289,0.6361218690872192
0.4784991145133972,0,222609,0.6510443091392517
0.479440301656723,0,96990,0.6528506875038147
0.4764348864555359,0,114695,0.6470938920974731
0.4786910116672516,0,162601,0.6514123678207397
0.4796873927116394,0,107960,0.6533254981040955
0.4875586926937103,0,87367,0.6685690879821777
