pred,actual,seqs,loss
0.4788892865180969,1,67125,0.7362858653068542
0.4764673411846161,1,102108,0.7413560748100281
0.4801793694496155,1,42867,0.7335955500602722
0.4816114008426666,1,45251,0.7306177020072937
0.48707717657089233,1,13745,0.7193326950073242
0.4808650314807892,1,42684,0.7321686744689941
0.5024468898773193,1,1147,0.688265323638916
0.4813579022884369,1,20990,0.7311441898345947
0.4896012842655182,1,8244,0.7141638994216919
0.48129820823669434,1,29722,0.7312682271003723
0.478244423866272,0,146036,0.6505560278892517
0.4779921770095825,0,106275,0.6500726938247681
0.4769905209541321,0,166515,0.648155689239502
0.47958284616470337,0,79946,0.6531245708465576
0.4760725498199463,0,277917,0.6464020609855652
0.47770190238952637,0,156529,0.649516761302948
0.47834843397140503,0,158091,0.6507554054260254
0.47789186239242554,0,111233,0.6498805284500122
0.4803979992866516,0,70398,0.6546921730041504
0.4761424958705902,0,216753,0.6465355753898621
0.47828853130340576,0,219289,0.650640606880188
0.4780985414981842,0,144199,0.6502764821052551
0.4777914881706238,0,137701,0.6496883034706116
