pred,actual,seqs,loss
0.46255239844322205,1,158666,0.7709954380989075
0.5050996541976929,1,13528,0.6829995512962341
0.5065892338752747,1,8244,0.680054783821106
0.4720199406147003,1,177069,0.7507340312004089
0.4782877266407013,1,47220,0.7375428080558777
0.4893881380558014,1,19695,0.7145993709564209
0.5027637481689453,1,17700,0.6876348853111267
0.49835285544395447,1,20990,0.6964468955993652
0.5082459449768066,1,15029,0.6767898201942444
0.49597805738449097,1,17780,0.701223611831665
0.46989017724990845,0,70398,0.6346710920333862
0.46087101101875305,0,256067,0.6178004145622253
0.47125792503356934,0,80920,0.637254536151886
0.4615461230278015,0,195398,0.6190534234046936
0.4571918547153473,0,146312,0.610999345779419
0.48360970616340637,0,110696,0.6608924269676208
0.45424884557724,0,135911,0.6055921912193298
0.4802587330341339,0,77877,0.6544241309165955
0.45563411712646484,0,145881,0.6081336736679077
0.46352440118789673,0,145434,0.6227341890335083
0.45898911356925964,0,147543,0.6143158674240112
0.4742002487182617,0,107455,0.6428348422050476
0.4496621787548065,0,181554,0.5972229838371277
