pred,actual,seqs,loss
0.4877800941467285,1,68651,0.7178906202316284
0.4866482615470886,1,46182,0.7202136516571045
0.48601752519607544,1,29270,0.7215105891227722
0.49096038937568665,1,48049,0.711391806602478
0.4878455698490143,1,238997,0.7177563905715942
0.4847915470600128,1,133752,0.7240362763404846
0.49019208550453186,1,8244,0.7129579782485962
0.4865129888057709,1,22187,0.7204917073249817
0.4864601790904999,1,5658,0.7206002473831177
0.48585769534111023,1,102108,0.7218394875526428
0.4863722324371338,0,166515,0.6662564873695374
0.4833866059780121,0,156529,0.6604604721069336
0.4827311336994171,0,90302,0.6591925024986267
0.4857232868671417,0,134340,0.6649938225746155
0.4873404800891876,0,91221,0.6681433320045471
0.4850710928440094,0,132154,0.6637264490127563
0.48562857508659363,0,146312,0.6648096442222595
0.48546770215034485,0,248271,0.6644969582557678
0.48600074648857117,0,80171,0.6655334830284119
0.48379430174827576,0,106275,0.6612499356269836
0.4849001169204712,0,152433,0.6633944511413574
0.4824730157852173,0,101001,0.6586936116218567
0.4870127737522125,0,82902,0.6675043106079102
0.48663103580474854,0,91332,0.6667604446411133
