pred,actual,seqs,loss
0.4896431863307953,1,5658,0.7140783667564392
0.49327459931373596,1,13528,0.7066892385482788
0.48509520292282104,1,158666,0.7234101295471191
0.49469152092933655,1,1519,0.7038208842277527
0.480133056640625,1,78545,0.7336919903755188
0.4852205812931061,1,12369,0.723151683807373
0.45733654499053955,1,96926,0.7823357582092285
0.4651760458946228,1,238997,0.7653393745422363
0.4881495535373688,1,15029,0.7171334624290466
0.47008487582206726,1,51091,0.7548420429229736
0.4580979347229004,0,106275,0.6126700043678284
0.46434494853019714,0,80171,0.6242648959159851
0.46395352482795715,0,167489,0.6235344409942627
0.4687991142272949,0,166515,0.6326150298118591
0.45257803797721863,0,127696,0.6025353670120239
0.47141316533088684,0,37149,0.6375482082366943
0.45922017097473145,0,87892,0.6147430539131165
0.4660795032978058,0,98249,0.6275083422660828
0.47065192461013794,0,111859,0.6361090540885925
0.45699313282966614,0,144199,0.6106333136558533
0.4591917097568512,0,127930,0.6146904230117798
0.46185389161109924,0,137701,0.6196252107620239
0.49476155638694763,0,64456,0.6827247738838196
