pred,actual,seqs,loss
0.4763402044773102,1,67125,0.7416229844093323
0.4740942716598511,1,102108,0.7463490962982178
0.4776419699192047,1,42867,0.7388938665390015
0.4788099229335785,1,45251,0.7364515662193298
0.4838927090167999,1,13745,0.7258920669555664
0.47833681106567383,1,42684,0.7374401688575745
0.49831733107566833,1,1147,0.6965181827545166
0.47864851355552673,1,20990,0.7367887496948242
0.48623353242874146,1,8244,0.7210662364959717
0.4786463677883148,1,29722,0.7367932200431824
0.47584268450737,0,146036,0.6459634304046631
0.4756070673465729,0,106275,0.6455140113830566
0.4746735692024231,0,166515,0.643735408782959
0.4771239459514618,0,79946,0.6484108567237854
0.4737909436225891,0,277917,0.6420567035675049
0.475320041179657,0,156529,0.6449667811393738
0.4759581387042999,0,158091,0.6461837291717529
0.4755955636501312,0,111233,0.6454920768737793
0.47783416509628296,0,70398,0.6497700214385986
0.4738689363002777,0,216753,0.6422049403190613
0.4759635925292969,0,219289,0.6461941003799438
0.47580263018608093,0,144199,0.645887017250061
0.4754504859447479,0,137701,0.6452154517173767
