pred,actual,seqs,loss
0.46732568740844727,1,46796,0.7607288360595703
0.4718765616416931,1,7370,0.7510378360748291
0.47015032172203064,1,48049,0.7547028064727783
0.4752117991447449,1,12489,0.7439947128295898
0.47080788016319275,1,177069,0.753305196762085
0.4717467427253723,1,20990,0.7513129711151123
0.47137731313705444,1,13528,0.75209641456604
0.47647708654403687,1,8244,0.7413356304168701
0.46771976351737976,1,24746,0.7598859667778015
0.477028489112854,1,1519,0.7401790618896484
0.46713849902153015,0,126860,0.6294937133789062
0.4683985710144043,0,93980,0.6318612694740295
0.4681321680545807,0,134469,0.6313602328300476
0.46597081422805786,0,152433,0.6273047924041748
0.4684973955154419,0,37149,0.632047176361084
0.4680999219417572,0,132154,0.631299614906311
0.46575888991355896,0,158091,0.626908004283905
0.46660900115966797,0,137701,0.6285005211830139
0.4661255478858948,0,70398,0.6275945901870728
0.4682868719100952,0,64456,0.6316511631011963
0.466003954410553,0,80920,0.627366840839386
0.4733057916164398,0,82902,0.6411351561546326
0.4745931625366211,0,145881,0.6435824036598206
