pred,actual,seqs,loss
0.5135876536369324,1,13528,0.6663345694541931
0.5082287192344666,1,29270,0.6768236756324768
0.5233071446418762,1,1741,0.6475867033004761
0.5049564838409424,1,102108,0.6832830309867859
0.5062423944473267,1,73562,0.68073970079422
0.5094366073608398,1,19978,0.6744498610496521
0.5138112306594849,1,7177,0.6658993363380432
0.5098425149917603,1,27231,0.6736534237861633
0.5091529488563538,1,47220,0.6750068068504333
0.508965790271759,1,42684,0.675374448299408
0.5042878985404968,0,127278,0.701759934425354
0.5062583684921265,0,113668,0.7057428956031799
0.505344033241272,0,257248,0.7038927674293518
0.507077157497406,0,82902,0.7074026465415955
0.5066921710968018,0,100581,0.7066218852996826
0.5029910206794739,0,238661,0.6991471648216248
0.5049872994422913,0,139303,0.7031718492507935
0.5052933096885681,0,107960,0.7037902474403381
0.5058411359786987,0,158091,0.7048982381820679
0.5057399868965149,0,123268,0.7046935558319092
0.5072098970413208,0,72024,0.7076719403266907
0.510564923286438,0,37149,0.7145034670829773
0.506367027759552,0,240538,0.7059630155563354
