pred,actual,seqs,loss
0.5816391110420227,1,102108,0.5419051051139832
0.5735412240028381,1,12369,0.5559254884719849
0.5171891450881958,1,24746,0.6593466401100159
0.49783727526664734,1,51091,0.6974819898605347
0.5187305212020874,1,2917,0.6563707590103149
0.4925921559333801,1,47220,0.7080737352371216
0.44765064120292664,1,158666,0.8037421703338623
0.5035703778266907,1,19695,0.6860318183898926
0.5036507844924927,1,46182,0.6858721375465393
0.5495657324790955,1,17780,0.5986269116401672
0.44004330039024353,0,158091,0.5798958539962769
0.4381531774997711,0,156529,0.5765260457992554
0.4312649071216583,0,240538,0.5643405318260193
0.44588929414749146,0,90302,0.5903908014297485
0.4479719400405884,0,113668,0.5941563844680786
0.4276009202003479,0,216753,0.5579188466072083
0.44884300231933594,0,70398,0.5957355499267578
0.43125906586647034,0,251066,0.5643302202224731
0.472810834646225,0,137701,0.6401958465576172
0.48236072063446045,0,144199,0.6584766507148743
0.4346276819705963,0,195398,0.5702707767486572
0.5319581627845764,0,64456,0.7591975927352905
0.4358820617198944,0,222609,0.5724919438362122
