pred,actual,seqs,loss
0.47259804606437683,1,46796,0.7495100498199463
0.4780541956424713,1,7370,0.7380311489105225
0.47503021359443665,1,48049,0.7443768978118896
0.4812520444393158,1,12489,0.7313641309738159
0.4765130877494812,1,177069,0.7412601113319397
0.47718626260757446,1,20990,0.7398483753204346
0.47695955634117126,1,13528,0.7403236031532288
0.4832262098789215,1,8244,0.7272703647613525
0.47289058566093445,1,24746,0.7488912343978882
0.48421940207481384,1,1519,0.7252171635627747
0.47132956981658936,0,126860,0.6373900175094604
0.4727745056152344,0,93980,0.6401269435882568
0.47263458371162415,0,134469,0.6398615837097168
0.4704437255859375,0,152433,0.6357158422470093
0.4733023941516876,0,37149,0.6411287188529968
0.47230806946754456,0,132154,0.6392426490783691
0.46968501806259155,0,158091,0.6342841386795044
0.4707789123058319,0,137701,0.6363490223884583
0.47099968791007996,0,70398,0.636766254901886
0.4726438522338867,0,64456,0.6398791670799255
0.4709571599960327,0,80920,0.636685848236084
0.47778430581092834,0,82902,0.6496745944023132
0.4797065854072571,0,145881,0.6533623933792114
