pred,actual,seqs,loss
0.44427213072776794,1,67125,0.8113179802894592
0.4424734115600586,1,102108,0.8153749108314514
0.4448740780353546,1,42867,0.8099640011787415
0.44567519426345825,1,45251,0.8081648349761963
0.44849905371665955,1,13745,0.8018487095832825
0.4459989070892334,1,42684,0.8074387907981873
0.45840689539909363,1,1147,0.7799980640411377
0.4453602135181427,1,20990,0.808871865272522
0.4498038589954376,1,8244,0.7989436388015747
0.44583454728126526,1,29722,0.8078073859214783
0.444208562374115,0,146036,0.5873621702194214
0.44387927651405334,0,106275,0.5867698788642883
0.4431101977825165,0,166515,0.5853878855705261
0.4452379643917084,0,79946,0.5892159938812256
0.44247063994407654,0,277917,0.5842401385307312
0.4437883794307709,0,156529,0.5866064429283142
0.44491514563560486,0,158091,0.5886343121528625
0.44417229294776917,0,111233,0.5872969031333923
0.44525405764579773,0,70398,0.5892450213432312
0.44279417395591736,0,216753,0.584820568561554
0.44432246685028076,0,219289,0.587567150592804
0.44450855255126953,0,144199,0.5879020690917969
0.4440554976463318,0,137701,0.5870867967605591
