pred,actual,seqs,loss
0.47928208112716675,1,67125,0.735465943813324
0.47682464122772217,1,102108,0.7406064867973328
0.48056963086128235,1,42867,0.7327831387519836
0.48205503821372986,1,45251,0.7296969890594482
0.48757386207580566,1,13745,0.7183135151863098
0.48127269744873047,1,42684,0.7313212156295776
0.5030980706214905,1,1147,0.6869701743125916
0.48178964853286743,1,20990,0.7302476763725281
0.4901333153247833,1,8244,0.7130778431892395
0.4817142188549042,1,29722,0.730404257774353
0.4786210358142853,0,146036,0.6512781381607056
0.4783588945865631,0,106275,0.6507754921913147
0.4773412346839905,0,166515,0.6488264799118042
0.4799666106700897,0,79946,0.6538622379302979
0.4764225482940674,0,277917,0.6470702886581421
0.4780653417110443,0,156529,0.6502128839492798
0.47872716188430786,0,158091,0.6514816880226135
0.47824615240097046,0,111233,0.6505593657493591
0.48079559206962585,0,70398,0.655457615852356
0.47648856043815613,0,216753,0.6471964120864868
0.478662371635437,0,219289,0.6513574123382568
0.47846826910972595,0,144199,0.6509851813316345
0.47815123200416565,0,137701,0.6503774523735046
