pred,actual,seqs,loss
0.5082688331604004,1,5658,0.6767447590827942
0.5189268589019775,1,13528,0.655992329120636
0.4911848306655884,1,158666,0.7109347581863403
0.5195357799530029,1,1519,0.6548196077346802
0.48516950011253357,1,78545,0.7232569456100464
0.5051511526107788,1,12369,0.6828975677490234
0.4529713988304138,1,96926,0.7919262647628784
0.4600735902786255,1,238997,0.7763688564300537
0.5081023573875427,1,15029,0.6770723462104797
0.47210514545440674,1,51091,0.750553548336029
0.45374366641044617,0,106275,0.6046669483184814
0.4610268175601959,0,80171,0.6180894374847412
0.4559081494808197,0,167489,0.6086372137069702
0.4637318253517151,0,166515,0.623120903968811
0.44502055644989014,0,127696,0.5888242125511169
0.4831877052783966,0,37149,0.6600755453109741
0.4552917778491974,0,87892,0.6075050234794617
0.46026360988616943,0,98249,0.6166744232177734
0.466460645198822,0,111859,0.6282224655151367
0.44974374771118164,0,144199,0.5973712205886841
0.4564862549304962,0,127930,0.6097002625465393
0.45543673634529114,0,137701,0.6077711582183838
0.5057393908500671,0,64456,0.7046923637390137
