pred,actual,seqs,loss
0.4456061124801636,1,67125,0.8083198666572571
0.4437955617904663,1,102108,0.8123912811279297
0.44623488187789917,1,42867,0.8069097995758057
0.4470255672931671,1,45251,0.8051394820213318
0.44993385672569275,1,13745,0.7986546754837036
0.44738316535949707,1,42684,0.8043398857116699
0.4599250555038452,1,1147,0.776691734790802
0.4467506408691406,1,20990,0.8057546615600586
0.4512504041194916,1,8244,0.795732855796814
0.44718626141548157,1,29722,0.8047800660133362
0.44551390409469604,0,146036,0.5897135734558105
0.4451838433742523,0,106275,0.589118480682373
0.4444398283958435,0,166515,0.5877783298492432
0.4465591013431549,0,79946,0.5916002988815308
0.4437718093395233,0,277917,0.5865766406059265
0.44508954882621765,0,156529,0.5889485478401184
0.44619038701057434,0,158091,0.5909343361854553
0.4455014169216156,0,111233,0.5896910429000854
0.4466131031513214,0,70398,0.5916978716850281
0.44409051537513733,0,216753,0.5871497988700867
0.4456148147583008,0,219289,0.5898955464363098
0.44582995772361755,0,144199,0.5902836918830872
0.44537511467933655,0,137701,0.5894632935523987
