pred,actual,seqs,loss
0.5092218518257141,1,18253,0.6748715043067932
0.5076098442077637,1,46182,0.6780421733856201
0.5102246403694153,1,102108,0.6729041934013367
0.5107296705245972,1,23766,0.6719148755073547
0.512052059173584,1,42684,0.6693289875984192
0.5099654793739319,1,68651,0.6734122633934021
0.5102710127830505,1,47220,0.6728132963180542
0.5106474161148071,1,114418,0.6720759272575378
0.5093874335289001,1,15029,0.6745463609695435
0.5118076205253601,1,8244,0.6698064804077148
0.5097199082374573,0,107960,0.7127784490585327
0.5101121068000793,0,100581,0.7135787010192871
0.5101878046989441,0,74702,0.7137332558631897
0.5085433125495911,0,134469,0.7103814482688904
0.5083132982254028,0,277917,0.7099135518074036
0.5084760189056396,0,181554,0.7102445363998413
0.5086671113967896,0,144068,0.710633397102356
0.5105790495872498,0,77877,0.7145323157310486
0.5098379254341125,0,127696,0.7130191922187805
0.5088315606117249,0,64456,0.7109681367874146
0.5091105103492737,0,139303,0.7115362286567688
0.5087379217147827,0,156529,0.7107775211334229
0.5084987282752991,0,82902,0.7102907299995422
