pred,actual,seqs,loss
0.45465952157974243,1,158666,0.7882064580917358
0.5369907021522522,1,13528,0.6217744946479797
0.5431113839149475,1,8244,0.6104408502578735
0.46875160932540894,1,177069,0.7576822638511658
0.48429301381111145,1,47220,0.7250651717185974
0.497073233127594,1,19695,0.6990179419517517
0.5278603434562683,1,17700,0.6389235258102417
0.517419695854187,1,20990,0.6589009761810303
0.5433164834976196,1,15029,0.6100633144378662
0.5215080380439758,1,17780,0.6510306000709534
0.47285762429237366,0,70398,0.6402845978736877
0.45247867703437805,0,256067,0.6023538708686829
0.4675467014312744,0,80920,0.6302601099014282
0.44788670539855957,0,195398,0.5940020084381104
0.44281837344169617,0,146312,0.5848640203475952
0.4896641671657562,0,110696,0.6726862788200378
0.44000694155693054,0,135911,0.5798308849334717
0.48271608352661133,0,77877,0.6591634154319763
0.44263118505477905,0,145881,0.5845280885696411
0.4539397060871124,0,145434,0.6050258874893188
0.4465266764163971,0,147543,0.5915417075157166
0.4751613140106201,0,107455,0.6446643471717834
0.42847806215286255,0,181554,0.5594524145126343
