pred,actual,seqs,loss
0.49957895278930664,1,5658,0.693989634513855
0.507257342338562,1,13528,0.6787368059158325
0.49147164821624756,1,158666,0.7103510499000549
0.5092581510543823,1,1519,0.6748002171516418
0.4844090938568115,1,78545,0.7248255014419556
0.4956131875514984,1,12369,0.7019595503807068
0.4563382565975189,1,96926,0.7845209836959839
0.4637846350669861,1,238997,0.7683349847793579
0.49865561723709106,1,15029,0.6958395838737488
0.47221624851226807,1,51091,0.7503182291984558
0.45707061886787415,0,106275,0.6107760071754456
0.46407830715179443,0,80171,0.6237672567367554
0.4621737003326416,0,167489,0.6202196478843689
0.46829667687416077,0,166515,0.6316696405410767
0.4497118294239044,0,127696,0.5973131656646729
0.47710981965065,0,37149,0.6483837962150574
0.45824354887008667,0,87892,0.6129387617111206
0.46520110964775085,0,98249,0.6258645057678223
0.47041481733322144,0,111859,0.635661244392395
0.45390385389328003,0,144199,0.6049602031707764
0.45961329340934753,0,127930,0.615470290184021
0.4601636826992035,0,137701,0.6164892911911011
0.5017932057380676,0,64456,0.6967400312423706
