pred,actual,seqs,loss
0.5451925992965698,1,46796,0.6066161394119263
0.614409327507019,1,12489,0.4870939254760742
0.47466352581977844,1,78545,0.7451490759849548
0.6191912889480591,1,7177,0.4793410301208496
0.6319851875305176,1,23459,0.45888930559158325
0.49099451303482056,1,68651,0.7113223075866699
0.5118470788002014,1,17780,0.6697293519973755
0.4906717836856842,1,96926,0.711979866027832
0.5835444331169128,1,8244,0.5386346578598022
0.522804319858551,1,88862,0.6485480070114136
0.42126017808914185,0,177046,0.5469022393226624
0.46461814641952515,0,92854,0.6247750520706177
0.41905686259269714,0,195398,0.5431023836135864
0.4417041838169098,0,111859,0.5828663110733032
0.4423770308494568,0,146036,0.5840722322463989
0.43387940526008606,0,114695,0.5689481496810913
0.44131743907928467,0,72024,0.5821738243103027
0.4422779083251953,0,96990,0.5838944911956787
0.43505433201789856,0,100581,0.5710257291793823
0.4249884784221649,0,144068,0.5533652305603027
0.4819677472114563,0,80171,0.657717764377594
0.4427964985370636,0,79946,0.5848247408866882
0.4439373016357422,0,91332,0.58687424659729
0.43309319019317627,0,87892,0.5675603151321411
