pred,actual,seqs,loss
0.5406841039657593,1,5658,0.6149200797080994
0.5598134994506836,1,13528,0.5801515579223633
0.4866793155670166,1,158666,0.7201498746871948
0.5610825419425964,1,1519,0.577887237071991
0.48563525080680847,1,78545,0.7222974300384521
0.5391099452972412,1,12369,0.6178357601165771
0.44652071595191956,1,96926,0.8062694668769836
0.4477219581604004,1,238997,0.8035828471183777
0.5407863259315491,1,15029,0.6147310733795166
0.4772912859916687,1,51091,0.7396283149719238
0.4424780309200287,0,106275,0.5842533707618713
0.4552212059497833,0,80171,0.60737544298172
0.4409559369087219,0,167489,0.5815269947052002
0.4528045356273651,0,166515,0.6029492020606995
0.4318186640739441,0,127696,0.5653146505355835
0.5100356936454773,0,37149,0.7134227156639099
0.4453321695327759,0,87892,0.5893858671188354
0.4436989724636078,0,98249,0.586445689201355
0.4546545743942261,0,111859,0.6063358783721924
0.43756377696990967,0,144199,0.5754775404930115
0.4446820616722107,0,127930,0.5882144570350647
0.4377681016921997,0,137701,0.5758408904075623
0.5260550379753113,0,64456,0.7466641068458557
