pred,actual,seqs,loss
0.4127988815307617,1,67125,0.8847947716712952
0.41173112392425537,1,102108,0.8873847723007202
0.41331568360328674,1,42867,0.8835436105728149
0.4143703579902649,1,45251,0.8809951543807983
0.41599932312965393,1,13745,0.8770716190338135
0.41425272822380066,1,42684,0.8812790513038635
0.424898236989975,1,1147,0.8559055924415588
0.41307276487350464,1,20990,0.8841315507888794
0.41702428460121155,1,8244,0.8746108412742615
0.4145575165748596,1,29722,0.88054358959198
0.4133828282356262,0,146036,0.5333828330039978
0.413616806268692,0,106275,0.5337817668914795
0.41228318214416504,0,166515,0.531510055065155
0.41406571865081787,0,79946,0.5345476269721985
0.41226211190223694,0,277917,0.531474232673645
0.4135321080684662,0,156529,0.5336373448371887
0.4147314131259918,0,158091,0.5356844067573547
0.4131457209587097,0,111233,0.5329787731170654
0.41381704807281494,0,70398,0.5341233015060425
0.41267311573028564,0,216753,0.532173752784729
0.4144226908683777,0,219289,0.5351570844650269
0.4143262207508087,0,144199,0.5349923372268677
0.41334348917007446,0,137701,0.5333157777786255
