pred,actual,seqs,loss
0.4932829439640045,1,46796,0.7066723704338074
0.510281503200531,1,7370,0.6727927327156067
0.4937966763973236,1,48049,0.70563143491745
0.502697765827179,1,12489,0.6877661347389221
0.4853982627391815,1,177069,0.7227855920791626
0.495542973279953,1,20990,0.7021012306213379
0.4992733299732208,1,13528,0.6946015954017639
0.5024709105491638,1,8244,0.6882175207138062
0.4964229166507721,1,24746,0.7003270387649536
0.5152406096458435,1,1519,0.6631212830543518
0.48459696769714355,0,126860,0.6628060936927795
0.48958876729011536,0,93980,0.6725385189056396
0.4894726574420929,0,134469,0.6723110675811768
0.4881652295589447,0,152433,0.6697534322738647
0.49333932995796204,0,37149,0.6799138188362122
0.4885130822658539,0,132154,0.6704332828521729
0.4860418438911438,0,158091,0.6656134128570557
0.48640844225883484,0,137701,0.6663269400596619
0.48910588026046753,0,70398,0.6715928912162781
0.4895758032798767,0,64456,0.6725131273269653
0.4910764992237091,0,80920,0.6754575967788696
0.490469753742218,0,82902,0.6742660403251648
0.4861467480659485,0,145881,0.6658175587654114
