pred,actual,seqs,loss
0.4111618399620056,1,96926,0.8887683749198914
0.5572986006736755,1,27231,0.5846540927886963
0.5350475907325745,1,18253,0.6253995895385742
0.6331619620323181,1,45251,0.4570290446281433
0.5097878575325012,1,22187,0.6737605929374695
0.46480968594551086,1,42867,0.7661272287368774
0.5227657556533813,1,78545,0.6486217975616455
0.6039136648178101,1,7177,0.5043240189552307
0.5961525440216064,1,14303,0.5172587037086487
0.4345414936542511,1,29722,0.8334638476371765
0.5060447454452515,0,98249,0.7053103446960449
0.4088626801967621,0,87892,0.525706946849823
0.40648069977760315,0,204472,0.5216855406761169
0.40825948119163513,0,248271,0.5246870517730713
0.4098495841026306,0,190795,0.5273778438568115
0.5999439358711243,0,71134,0.9161505699157715
0.40464866161346436,0,219289,0.5186035633087158
0.41664019227027893,0,222609,0.5389510989189148
0.40934231877326965,0,96990,0.5265186429023743
0.4208441972732544,0,114695,0.5461837649345398
0.4064590036869049,0,162601,0.5216490030288696
0.4136040508747101,0,107960,0.5337600708007812
0.4733942151069641,0,87367,0.6413030624389648
