pred,actual,seqs,loss
0.48315563797950745,1,67125,0.727416455745697
0.48020973801612854,1,102108,0.7335323095321655
0.48455408215522766,1,42867,0.7245262265205383
0.48651203513145447,1,45251,0.7204936146736145
0.4927941858768463,1,13745,0.7076636552810669
0.48537445068359375,1,42684,0.7228346467018127
0.5105337500572205,1,1147,0.6722985506057739
0.4861200451850891,1,20990,0.7212997078895569
0.49580147862434387,1,8244,0.7015796899795532
0.4859059154987335,1,29722,0.7217402458190918
0.48225167393684387,0,146036,0.658266007900238
0.4819091558456421,0,106275,0.6576046943664551
0.4807549715042114,0,166515,0.6553794145584106
0.4837755560874939,0,79946,0.6612136363983154
0.4797043800354004,0,277917,0.6533581018447876
0.48152363300323486,0,156529,0.6568608283996582
0.48235228657722473,0,158091,0.6584603786468506
0.4816873371601105,0,111233,0.6571766138076782
0.48481205105781555,0,70398,0.6632235050201416
0.4797990620136261,0,216753,0.6535401344299316
0.4822970926761627,0,219289,0.6583537459373474
0.4819856286048889,0,144199,0.657752275466919
0.4816981852054596,0,137701,0.6571975350379944
