pred,actual,seqs,loss
0.5506218075752258,1,46796,0.5967071056365967
0.6235283017158508,1,12489,0.47236111760139465
0.4744572937488556,1,78545,0.7455836534500122
0.6288397908210754,1,7177,0.4638787508010864
0.6437590718269348,1,23459,0.44043073058128357
0.49232786893844604,1,68651,0.7086104154586792
0.5146788954734802,1,17780,0.6642121076583862
0.4907093644142151,1,96926,0.7119032740592957
0.5905603170394897,1,8244,0.526683509349823
0.5272256135940552,1,88862,0.6401267051696777
0.41693007946014404,0,177046,0.5394481420516968
0.4639078378677368,0,92854,0.6234492063522339
0.4142736792564392,0,195398,0.5349026322364807
0.4384484589099884,0,111859,0.5770516991615295
0.4394186735153198,0,146036,0.5787809491157532
0.4298980236053467,0,114695,0.5619400143623352
0.43808621168136597,0,72024,0.5764068365097046
0.439975768327713,0,96990,0.5797752141952515
0.4313630163669586,0,100581,0.5645130276679993
0.4204957187175751,0,144068,0.5455822348594666
0.48208579421043396,0,80171,0.6579456925392151
0.44040921330451965,0,79946,0.5805494785308838
0.44097983837127686,0,91332,0.5815697312355042
0.4291417896747589,0,87892,0.5606144070625305
