pred,actual,seqs,loss
0.6227179765701294,1,5658,0.47366154193878174
0.6567083597183228,1,13528,0.4205152690410614
0.49478384852409363,1,158666,0.7036342620849609
0.6643950343132019,1,1519,0.4088783860206604
0.5020009279251099,1,78545,0.6891533136367798
0.6164337992668152,1,12369,0.4838043451309204
0.42202383279800415,1,96926,0.8626934885978699
0.4188297986984253,1,238997,0.8702906370162964
0.6190457344055176,1,15029,0.47957611083984375
0.48799484968185425,1,51091,0.7174504399299622
0.41176360845565796,0,106275,0.5306264162063599
0.4393366575241089,0,80171,0.5786346793174744
0.4054933488368988,0,167489,0.5200233459472656
0.43314239382743835,0,166515,0.5676471590995789
0.38961973786354065,0,127696,0.4936731457710266
0.5515363812446594,0,37149,0.8019277453422546
0.4124917984008789,0,87892,0.5318650603294373
0.40958040952682495,0,98249,0.526921808719635
0.43757861852645874,0,111859,0.575503945350647
0.40409621596336365,0,144199,0.517676055431366
0.4212858974933624,0,127930,0.5469467043876648
0.3948054015636444,0,137701,0.5022052526473999
0.5809048414230347,0,64456,0.8696572780609131
