pred,actual,seqs,loss
0.49656161665916443,1,18253,0.7000477313995361
0.4978107511997223,1,46182,0.6975352764129639
0.49600186944007874,1,102108,0.7011755704879761
0.5001102685928345,1,23766,0.6929266452789307
0.49698394536972046,1,42684,0.69919753074646
0.4937545955181122,1,68651,0.7057166695594788
0.49649906158447266,1,47220,0.7001736760139465
0.4983969032764435,1,114418,0.6963585019111633
0.4973185360431671,1,15029,0.698524534702301
0.5033971071243286,1,8244,0.6863759160041809
0.49272188544273376,0,107960,0.6786958575248718
0.49058035016059875,0,100581,0.6744831204414368
0.49391064047813416,0,74702,0.6810420155525208
0.4906255602836609,0,134469,0.6745718717575073
0.4895307123661041,0,277917,0.6724247932434082
0.4889303743839264,0,181554,0.6712494492530823
0.49353787302970886,0,144068,0.6803057193756104
0.4917563498020172,0,77877,0.6767943501472473
0.49108758568763733,0,127696,0.6754793524742126
0.4929676651954651,0,64456,0.6791805028915405
0.49454379081726074,0,139303,0.6822938919067383
0.4908134639263153,0,156529,0.6749408841133118
0.48936668038368225,0,82902,0.6721035242080688
