pred,actual,seqs,loss
0.48873239755630493,1,46796,0.7159401774406433
0.4952477216720581,1,7370,0.702697217464447
0.48994120955467224,1,48049,0.7134698629379272
0.49771013855934143,1,12489,0.6977373957633972
0.4905811548233032,1,177069,0.712164580821991
0.4921496510505676,1,20990,0.7089724540710449
0.49349457025527954,1,13528,0.7062433958053589
0.5002383589744568,1,8244,0.6926705837249756
0.48854050040245056,1,24746,0.7163329124450684
0.503272294998169,1,1519,0.6866239309310913
0.4852783977985382,0,126860,0.6641290783882141
0.48653843998908997,0,93980,0.6665801405906677
0.4873356521129608,0,134469,0.6681339144706726
0.484803706407547,0,152433,0.6632072925567627
0.4881227910518646,0,37149,0.6696705222129822
0.4865790903568268,0,132154,0.6666592955589294
0.48438817262649536,0,158091,0.6624010801315308
0.4850168526172638,0,137701,0.6636211276054382
0.485739141702652,0,70398,0.6650246381759644
0.4862138628959656,0,64456,0.6659481525421143
0.48599696159362793,0,80920,0.6655260920524597
0.49136966466903687,0,82902,0.6760337948799133
0.4933522939682007,0,145881,0.6799393892288208
