pred,actual,seqs,loss
0.6365878582000732,1,5658,0.45163285732269287
0.6709802150726318,1,13528,0.3990156352519989
0.49643442034721375,1,158666,0.7003039121627808
0.6797472834587097,1,1519,0.38603419065475464
0.5053299069404602,1,78545,0.6825437545776367
0.6289372444152832,1,12369,0.4637237787246704
0.41774865984916687,1,96926,0.8728753328323364
0.4135332405567169,1,238997,0.883017361164093
0.6315949559211731,1,15029,0.4595069885253906
0.49002277851104736,1,51091,0.7133033871650696
0.40684032440185547,0,106275,0.5222916603088379
0.4373268783092499,0,80171,0.5750564336776733
0.39915478229522705,0,167489,0.5094178915023804
0.4297000467777252,0,166515,0.5615928173065186
0.382861465215683,0,127696,0.48266175389289856
0.558228075504303,0,37149,0.8169615268707275
0.4073220193386078,0,87892,0.5231040716171265
0.4045519530773163,0,98249,0.5184411406517029
0.4348824620246887,0,111859,0.5707215070724487
0.3979230523109436,0,144199,0.5073699951171875
0.41721972823143005,0,127930,0.5399450659751892
0.3878476917743683,0,137701,0.49077415466308594
0.5906726717948914,0,64456,0.8932400941848755
