pred,actual,seqs,loss
0.4579145312309265,1,158666,0.781072735786438
0.5273271203041077,1,13528,0.6399341821670532
0.5313414335250854,1,8244,0.6323504447937012
0.4700193405151367,1,177069,0.7549814581871033
0.48396623134613037,1,47220,0.7257401347160339
0.49595877528190613,1,19695,0.7012624740600586
0.5201213955879211,1,17700,0.6536930203437805
0.5116376280784607,1,20990,0.6701386570930481
0.5316809415817261,1,15029,0.6317117214202881
0.5145381689071655,1,17780,0.664485514163971
0.47327300906181335,0,70398,0.6410729289054871
0.4566894471645355,0,256067,0.6100742220878601
0.47050973773002625,0,80920,0.6358405351638794
0.4541289806365967,0,195398,0.6053725481033325
0.44901779294013977,0,146312,0.5960527658462524
0.48904553055763245,0,110696,0.671474814414978
0.4466349482536316,0,135911,0.5917373895645142
0.481913685798645,0,77877,0.6576133966445923
0.44814828038215637,0,145881,0.5944758653640747
0.45850542187690735,0,145434,0.6134222149848938
0.4522460997104645,0,147543,0.6019291877746582
0.47653576731681824,0,107455,0.647286593914032
0.4384520649909973,0,181554,0.5770581364631653
