pred,actual,seqs,loss
0.4776773750782013,1,67125,0.7388197183609009
0.4753371775150299,1,102108,0.743730902671814
0.4789649248123169,1,42867,0.7361279129981995
0.48026201128959656,1,45251,0.7334234714508057
0.48554903268814087,1,13745,0.722474992275238
0.4796489179134369,1,42684,0.7347008585929871
0.5004412531852722,1,1147,0.6922650933265686
0.4800577163696289,1,20990,0.7338489294052124
0.4879828095436096,1,8244,0.7174751162528992
0.48002874851226807,1,29722,0.7339093089103699
0.4770929515361786,0,146036,0.6483515501022339
0.47685369849205017,0,106275,0.6478941440582275
0.4758828580379486,0,166515,0.6460400819778442
0.47839781641960144,0,79946,0.6508500576019287
0.47499364614486694,0,277917,0.6443449258804321
0.47657129168510437,0,156529,0.6473544239997864
0.4772087335586548,0,158091,0.6485729813575745
0.4767964482307434,0,111233,0.6477847099304199
0.47916701436042786,0,70398,0.6523258686065674
0.4750623404979706,0,216753,0.6444757580757141
0.4771851599216461,0,219289,0.6485279202461243
0.4770098924636841,0,144199,0.6481927633285522
0.47667914628982544,0,137701,0.6475605368614197
