pred,actual,seqs,loss
0.45190852880477905,1,67125,0.7942755222320557
0.4500941336154938,1,102108,0.7982985377311707
0.4527531564235687,1,42867,0.7924082279205322
0.4534299373626709,1,45251,0.7909145355224609
0.45668014883995056,1,13745,0.7837720513343811
0.45388421416282654,1,42684,0.7899131774902344
0.4671328365802765,1,1147,0.7611415982246399
0.4533374011516571,1,20990,0.7911186218261719
0.458046555519104,1,8244,0.7807844281196594
0.45361950993537903,1,29722,0.7904965281486511
0.4517437219619751,0,146036,0.6010124683380127
0.45139920711517334,0,106275,0.6003842353820801
0.45073115825653076,0,166515,0.5991672873497009
0.45286253094673157,0,79946,0.6030551791191101
0.44995516538619995,0,277917,0.597755491733551
0.45128780603408813,0,156529,0.6001812219619751
0.4522462487220764,0,158091,0.6019294261932373
0.45178577303886414,0,111233,0.6010891199111938
0.4531179964542389,0,70398,0.6035222411155701
0.45026496052742004,0,216753,0.598318874835968
0.4519144594669342,0,219289,0.6013239026069641
0.4521065354347229,0,144199,0.6016744375228882
0.4516564607620239,0,137701,0.6008533239364624
