pred,actual,seqs,loss
0.4554482400417328,1,67125,0.7864732146263123
0.453635036945343,1,102108,0.7904622554779053
0.45644280314445496,1,42867,0.7842918634414673
0.45708367228507996,1,45251,0.7828888297080994
0.4604104161262512,1,13745,0.7756369709968567
0.4575032591819763,1,42684,0.781971275806427
0.47113344073295593,1,1147,0.75261390209198
0.45700427889823914,1,20990,0.7830625176429749
0.46181321144104004,1,8244,0.7725947499275208
0.45724600553512573,1,29722,0.7825337052345276
0.4553062617778778,0,146036,0.6075316071510315
0.4549291729927063,0,106275,0.6068395376205444
0.4543103575706482,0,166515,0.6057049036026001
0.456455260515213,0,79946,0.609643280506134
0.45344531536102295,0,277917,0.6041209101676941
0.45481589436531067,0,156529,0.6066317558288574
0.45572060346603394,0,158091,0.6082925796508789
0.45531895756721497,0,111233,0.6075549125671387
0.45676493644714355,0,70398,0.6102131605148315
0.45377400517463684,0,216753,0.6047224998474121
0.4555175006389618,0,219289,0.607919454574585
0.4557135999202728,0,144199,0.6082797050476074
0.45520249009132385,0,137701,0.6073411107063293
