pred,actual,seqs,loss
0.648251473903656,1,5658,0.4334765672683716
0.6821007132530212,1,13528,0.38257795572280884
0.49687469005584717,1,158666,0.6994174122810364
0.6920561790466309,1,1519,0.36808815598487854
0.5081681609153748,1,78545,0.6769428849220276
0.6389015316963196,1,12369,0.44800493121147156
0.4135620892047882,1,96926,0.8829476237297058
0.4078906178474426,1,238997,0.8967562317848206
0.6419785618782043,1,15029,0.44320034980773926
0.4927785098552704,1,51091,0.707695484161377
0.40343672037124634,0,106275,0.516569972038269
0.43684446811676025,0,80171,0.5741994380950928
0.39270833134651184,0,167489,0.4987460970878601
0.42668065428733826,0,166515,0.5563123822212219
0.37821799516677856,0,127696,0.4751657247543335
0.5644364953041077,0,37149,0.831114649772644
0.4028969705104828,0,87892,0.515665590763092
0.3994205594062805,0,98249,0.5098603367805481
0.43254098296165466,0,111859,0.5665867328643799
0.39209166169166565,0,144199,0.49773114919662476
0.4130074679851532,0,127930,0.5327432155609131
0.38111162185668945,0,137701,0.4798303544521332
0.5995679497718811,0,64456,0.9152112007141113
