pred,actual,seqs,loss
0.4820305407047272,1,68651,0.7297478318214417
0.48710304498672485,1,46182,0.7192795872688293
0.4873281717300415,1,29270,0.7188175320625305
0.4900992810726166,1,48049,0.7131472826004028
0.4841209650039673,1,238997,0.7254204750061035
0.48251697421073914,1,133752,0.7287392020225525
0.4918769299983978,1,8244,0.7095267176628113
0.488145112991333,1,22187,0.7171425819396973
0.4871794283390045,1,5658,0.7191227674484253
0.4802720248699188,1,102108,0.7334026098251343
0.4825997054576874,0,166515,0.658938467502594
0.4780145287513733,0,156529,0.6501155495643616
0.4833810329437256,0,90302,0.6604496836662292
0.48201271891593933,0,134340,0.6578046083450317
0.4826032519340515,0,91221,0.6589453220367432
0.48207393288612366,0,132154,0.6579227447509766
0.4816930890083313,0,146312,0.6571877002716064
0.47974103689193726,0,248271,0.6534286141395569
0.4819636344909668,0,80171,0.6577098369598389
0.47921451926231384,0,106275,0.6524170637130737
0.4815920889377594,0,152433,0.6569928526878357
0.48210445046424866,0,101001,0.6579816937446594
0.48606956005096436,0,82902,0.6656673550605774
0.48274335265159607,0,91332,0.6592161059379578
