pred,actual,seqs,loss
0.4932323694229126,1,46796,0.706774890422821
0.510884165763855,1,7370,0.6716123819351196
0.4938325881958008,1,48049,0.705558717250824
0.5030149221420288,1,12489,0.6871354579925537
0.48510903120040894,1,177069,0.7233816385269165
0.49556681513786316,1,20990,0.7020530700683594
0.49940061569213867,1,13528,0.6943466663360596
0.5027173757553101,1,8244,0.687727153301239
0.49655866622924805,1,24746,0.7000536322593689
0.5159395933151245,1,1519,0.6617655754089355
0.48426753282546997,0,126860,0.6621671319007874
0.48946842551231384,0,93980,0.672302782535553
0.48933058977127075,0,134469,0.6720328330993652
0.4880451560020447,0,152433,0.6695188283920288
0.49334678053855896,0,37149,0.6799284815788269
0.4884096086025238,0,132154,0.6702309846878052
0.48579010367393494,0,158091,0.6651237607002258
0.4861694574356079,0,137701,0.6658617258071899
0.48890963196754456,0,70398,0.6712088584899902
0.4895256757736206,0,64456,0.6724149584770203
0.49105867743492126,0,80920,0.6754225492477417
0.4901963174343109,0,82902,0.6737295389175415
0.485774964094162,0,145881,0.6650943160057068
