pred,actual,seqs,loss
0.6610695719718933,1,5658,0.41389620304107666
0.6955429315567017,1,13528,0.3630625307559967
0.49884486198425293,1,158666,0.6954601407051086
0.7056398987770081,1,1519,0.3486502468585968
0.5112003087997437,1,78545,0.6709937453269958
0.6505529880523682,1,12369,0.42993253469467163
0.4091491401195526,1,96926,0.8936755657196045
0.40324077010154724,1,238997,0.9082214832305908
0.6536267995834351,1,15029,0.42521873116493225
0.4934801459312439,1,51091,0.7062726616859436
0.398145467042923,0,106275,0.5077394843101501
0.43396762013435364,0,80171,0.569104015827179
0.3869819641113281,0,167489,0.4893609285354614
0.423486590385437,0,166515,0.5507566928863525
0.3713113069534302,0,127696,0.4641190767288208
0.569981038570404,0,37149,0.843925952911377
0.39788129925727844,0,87892,0.5073006749153137
0.3950306177139282,0,98249,0.5025774240493774
0.42994073033332825,0,111859,0.5620149374008179
0.3863767087459564,0,144199,0.4883740544319153
0.4095350205898285,0,127930,0.5268449783325195
0.37503623962402344,0,137701,0.47006160020828247
0.6079346537590027,0,64456,0.9363267421722412
