pred,actual,seqs,loss
0.45290789008140564,1,158666,0.7920665144920349
0.542944610118866,1,13528,0.6107479929924011
0.5509054660797119,1,8244,0.5961920619010925
0.46871575713157654,1,177069,0.7577587366104126
0.4836570620536804,1,47220,0.7263791561126709
0.4974266588687897,1,19695,0.6983071565628052
0.5329244136810303,1,17700,0.629375696182251
0.5212821364402771,1,20990,0.6514638662338257
0.5509091019630432,1,15029,0.5961854457855225
0.5258672833442688,1,17780,0.6427063941955566
0.47205185890197754,0,70398,0.6387572288513184
0.44949862360954285,0,256067,0.5969258546829224
0.4649919271469116,0,80920,0.6254734396934509
0.44338011741638184,0,195398,0.5858727097511292
0.43872037529945374,0,146312,0.5775360465049744
0.48950836062431335,0,110696,0.6723810434341431
0.4350697100162506,0,135911,0.5710529088973999
0.48381808400154114,0,77877,0.661296010017395
0.43924370408058167,0,145881,0.5784688591957092
0.45089736580848694,0,145434,0.5994699001312256
0.44272279739379883,0,147543,0.5846924781799316
0.47371649742126465,0,107455,0.6419152617454529
0.42099520564079285,0,181554,0.5464445352554321
