pred,actual,seqs,loss
0.7365232706069946,1,102108,0.3058144450187683
0.7341076731681824,1,12369,0.30909955501556396
0.5876386761665344,1,24746,0.5316430330276489
0.5603964328765869,1,51091,0.579110860824585
0.6319072842597961,1,2917,0.45901259779930115
0.5225982666015625,1,47220,0.648942232131958
0.39577457308769226,1,158666,0.9269105195999146
0.5608024001121521,1,19695,0.578386664390564
0.5429497361183167,1,46182,0.6107385158538818
0.652027428150177,1,17780,0.42766866087913513
0.38064342737197876,0,158091,0.4790741205215454
0.3896848261356354,0,156529,0.4937797784805298
0.35855868458747864,0,240538,0.4440375864505768
0.3839019536972046,0,90302,0.48434916138648987
0.39418676495552063,0,113668,0.5011835098266602
0.3553648591041565,0,216753,0.43907079100608826
0.39257901906967163,0,70398,0.4985331892967224
0.346480131149292,0,251066,0.4253823459148407
0.4623819887638092,0,137701,0.6206070184707642
0.4778420925140381,0,144199,0.6497852206230164
0.3696177005767822,0,195398,0.46142882108688354
0.6292853355407715,0,64456,0.9923226237297058
0.3668763339519501,0,222609,0.45708951354026794
