pred,actual,seqs,loss
0.657745361328125,1,102108,0.41893741488456726
0.6500756144523621,1,12369,0.43066659569740295
0.5476198792457581,1,24746,0.6021738648414612
0.5195214152336121,1,51091,0.654847264289856
0.5581582188606262,1,2917,0.5831128358840942
0.5074033141136169,1,47220,0.6784490942955017
0.424047589302063,1,158666,0.8579095602035522
0.5222088694572449,1,19695,0.649687647819519
0.521916389465332,1,46182,0.6502478718757629
0.602782130241394,1,17780,0.5061994791030884
0.4140538275241852,0,158091,0.5345273613929749
0.41194745898246765,0,156529,0.530938982963562
0.3977213501930237,0,240538,0.5070350766181946
0.41862279176712036,0,90302,0.542355477809906
0.4267639219760895,0,113668,0.5564576387405396
0.39282506704330444,0,216753,0.49893832206726074
0.4261842370033264,0,70398,0.5554469227790833
0.3969278931617737,0,251066,0.5057185292243958
0.4684777855873108,0,137701,0.632010281085968
0.4835531711578369,0,144199,0.6607829332351685
0.4036141037940979,0,195398,0.5168673396110535
0.5758668780326843,0,64456,0.8577079176902771
0.4042070209980011,0,222609,0.5178620219230652
