pred,actual,seqs,loss
0.4824666380882263,1,67125,0.7288435101509094
0.47961685061454773,1,102108,0.734767735004425
0.4838159382343292,1,42867,0.7260507345199585
0.4856950342655182,1,45251,0.722174346446991
0.4917754828929901,1,13745,0.7097330093383789
0.4846229553222656,1,42684,0.7243841290473938
0.5089759826660156,1,1147,0.6753544807434082
0.485328733921051,1,20990,0.7229288220405579
0.4946787655353546,1,8244,0.7038466930389404
0.48513561487197876,1,29722,0.7233268022537231
0.48160386085510254,0,146036,0.6570155620574951
0.4812772274017334,0,106275,0.6563857197761536
0.48014402389526367,0,166515,0.654203474521637
0.48307403922080994,0,79946,0.6598556041717529
0.479141503572464,0,277917,0.652276873588562
0.48091399669647217,0,156529,0.6556857228279114
0.4817207455635071,0,158091,0.6572411060333252
0.48107287287712097,0,111233,0.655991792678833
0.4840722382068634,0,70398,0.6617885231971741
0.47922283411026,0,216753,0.6524330377578735
0.4816640019416809,0,219289,0.6571316123008728
0.4813718795776367,0,144199,0.656568169593811
0.48106303811073303,0,137701,0.6559728384017944
