pred,actual,seqs,loss
0.5286084413528442,1,13528,0.6375073194503784
0.5263088941574097,1,29270,0.6418669819831848
0.5331947803497314,1,1741,0.6288684606552124
0.524024248123169,1,102108,0.6462173461914062
0.5249729156494141,1,73562,0.6444085836410522
0.5265089273452759,1,19978,0.6414870023727417
0.5289719104766846,1,7177,0.6368199586868286
0.5267316102981567,1,27231,0.6410641670227051
0.5265693068504333,1,47220,0.6413723230361938
0.5260525941848755,1,42684,0.6423540711402893
0.5236935019493103,0,127278,0.7416937351226807
0.5246957540512085,0,113668,0.743800163269043
0.5246322751045227,0,257248,0.7436666488647461
0.52571702003479,0,82902,0.7459511160850525
0.525341272354126,0,100581,0.7451592087745667
0.5232337713241577,0,238661,0.7407289743423462
0.5244166851043701,0,139303,0.7432131767272949
0.5244163274765015,0,107960,0.7432124614715576
0.5244362950325012,0,158091,0.7432544231414795
0.5243141055107117,0,123268,0.7429975271224976
0.5258133411407471,0,72024,0.746154248714447
0.527380108833313,0,37149,0.7494638562202454
0.5248621106147766,0,240538,0.7441502213478088
