pred,actual,seqs,loss
0.5605043768882751,1,102108,0.5789182186126709
0.5510209798812866,1,12369,0.5959823727607727
0.5086540579795837,1,24746,0.6759871244430542
0.49233219027519226,1,51091,0.7086015939712524
0.508930504322052,1,2917,0.6754438281059265
0.4879484176635742,1,47220,0.7175455689430237
0.4538555145263672,1,158666,0.7899763584136963
0.49883097410202026,1,19695,0.6954879760742188
0.49730414152145386,1,46182,0.6985535025596619
0.5348702073097229,1,17780,0.6257311701774597
0.4461033046245575,0,158091,0.5907770991325378
0.44525131583213806,0,156529,0.5892400741577148
0.43979373574256897,0,240538,0.579450249671936
0.4520169794559479,0,90302,0.6015110015869141
0.45222193002700806,0,113668,0.6018850803375244
0.43687745928764343,0,216753,0.574258029460907
0.4538024961948395,0,70398,0.6047746539115906
0.43922504782676697,0,251066,0.5784355998039246
0.4720344841480255,0,137701,0.6387243270874023
0.48100852966308594,0,144199,0.6558678150177002
0.4427584111690521,0,195398,0.5847563743591309
0.5196460485458374,0,64456,0.7332320213317871
0.44425737857818604,0,222609,0.5874500274658203
