pred,actual,seqs,loss
0.450343519449234,1,158666,0.797744631767273
0.5600951910018921,1,13528,0.579648494720459
0.5734485983848572,1,8244,0.5560869574546814
0.4761705994606018,1,177069,0.7419790625572205
0.48388874530792236,1,47220,0.7259002923965454
0.49958252906799316,1,19695,0.6939824819564819
0.5489289164543152,1,17700,0.5997863411903381
0.5344593524932861,1,20990,0.626499593257904
0.573436439037323,1,15029,0.5561081767082214
0.5386372804641724,1,17780,0.6187129020690918
0.47153252363204956,0,70398,0.6377739906311035
0.44268059730529785,0,256067,0.5846167802810669
0.45989540219306946,0,80920,0.6159924268722534
0.4319283366203308,0,195398,0.565507709980011
0.4284687340259552,0,146312,0.5594360828399658
0.4918765425682068,0,110696,0.6770308613777161
0.421234130859375,0,135911,0.5468572378158569
0.48994970321655273,0,77877,0.6732459664344788
0.4316735565662384,0,145881,0.5650593042373657
0.44352084398269653,0,145434,0.5861255526542664
0.43252867460250854,0,147543,0.5665650367736816
0.4704717993736267,0,107455,0.6357688307762146
0.39979928731918335,0,181554,0.510491132736206
