pred,actual,seqs,loss
0.4868907630443573,1,46796,0.7197154760360718
0.4931880533695221,1,7370,0.7068647146224976
0.48824557662010193,1,48049,0.7169367671012878
0.4959993064403534,1,12489,0.7011807560920715
0.48937517404556274,1,177069,0.7146258354187012
0.49057769775390625,1,20990,0.7121716141700745
0.49167323112487793,1,13528,0.7099409699440002
0.49877047538757324,1,8244,0.6956092715263367
0.48675447702407837,1,24746,0.7199954390525818
0.501157283782959,1,1519,0.6908352971076965
0.4837720990180969,0,126860,0.6612069606781006
0.48499199748039246,0,93980,0.6635728478431702
0.48570629954338074,0,134469,0.6649608016014099
0.4831998944282532,0,152433,0.6600991487503052
0.4864470362663269,0,37149,0.6664021015167236
0.48494842648506165,0,132154,0.6634882688522339
0.48274552822113037,0,158091,0.6592203378677368
0.48344606161117554,0,137701,0.6605755686759949
0.48414483666419983,0,70398,0.6619292497634888
0.48463258147239685,0,64456,0.6628751754760742
0.48431462049484253,0,80920,0.6622584462165833
0.48982536792755127,0,82902,0.6730021834373474
0.492311954498291,0,145881,0.6778880953788757
