pred,actual,seqs,loss
0.48171067237854004,1,68651,0.7304115891456604
0.4865880608558655,1,46182,0.7203373908996582
0.48680633306503296,1,29270,0.7198889255523682
0.48975563049316406,1,48049,0.7138487100601196
0.4838049113750458,1,238997,0.7260735034942627
0.48213282227516174,1,133752,0.7295356392860413
0.4913090169429779,1,8244,0.7106819748878479
0.4876587390899658,1,22187,0.7181394100189209
0.4866054058074951,1,5658,0.7203017473220825
0.47986823320388794,1,102108,0.7342437505722046
0.4822889566421509,0,166515,0.6583380103111267
0.47762614488601685,0,156529,0.6493717432022095
0.48290109634399414,0,90302,0.6595211029052734
0.48163533210754395,0,134340,0.6570762991905212
0.48226481676101685,0,91221,0.6582913994789124
0.48170122504234314,0,132154,0.6572034358978271
0.4813399612903595,0,146312,0.6565066576004028
0.479408860206604,0,248271,0.6527903079986572
0.48158013820648193,0,80171,0.6569698452949524
0.4788112938404083,0,106275,0.6516430974006653
0.4812617599964142,0,152433,0.6563558578491211
0.4816478490829468,0,101001,0.6571004390716553
0.48568469285964966,0,82902,0.6649187803268433
0.4823666512966156,0,91332,0.6584880948066711
