pred,actual,seqs,loss
0.556387722492218,1,5658,0.5862898826599121
0.5811049342155457,1,13528,0.5428239107131958
0.4886316955089569,1,158666,0.7161462306976318
0.5842616558074951,1,1519,0.537406325340271
0.48816272616386414,1,78545,0.7171064615249634
0.5555227398872375,1,12369,0.5878457427024841
0.4427470862865448,1,96926,0.8147565722465515
0.4423065483570099,1,238997,0.8157520890235901
0.5565816164016724,1,15029,0.5859414339065552
0.47909557819366455,1,51091,0.7358551621437073
0.4360111951828003,0,106275,0.5727208852767944
0.45044469833374023,0,80171,0.5986458659172058
0.43486326932907104,0,167489,0.5706875920295715
0.4496920704841614,0,166515,0.5972772836685181
0.4228614270687103,0,127696,0.5496729016304016
0.5184672474861145,0,37149,0.7307810187339783
0.4383755922317505,0,87892,0.5769219398498535
0.43629640340805054,0,98249,0.5732266902923584
0.4511982798576355,0,111859,0.6000180840492249
0.4318595826625824,0,144199,0.5653866529464722
0.4406445324420929,0,127930,0.5809701085090637
0.4282017648220062,0,137701,0.5589690804481506
0.5356189608573914,0,64456,0.7670498490333557
