pred,actual,seqs,loss
0.5007393956184387,1,18253,0.6916694641113281
0.5004221796989441,1,46182,0.6923031806945801
0.5018824338912964,1,102108,0.6893894076347351
0.5034778714179993,1,23766,0.6862155199050903
0.5012406706809998,1,42684,0.6906689405441284
0.4993310570716858,1,68651,0.6944859623908997
0.5020070672035217,1,47220,0.6891410946846008
0.5023620128631592,1,114418,0.6884343028068542
0.5021348595619202,1,15029,0.6888865232467651
0.5053859353065491,1,8244,0.6824328899383545
0.4997846782207489,0,107960,0.692716658115387
0.49834883213043213,0,100581,0.6898502707481384
0.5007880926132202,0,74702,0.6947246193885803
0.4968928098678589,0,134469,0.6869520545005798
0.49665552377700806,0,277917,0.6864805221557617
0.4969772398471832,0,181554,0.6871198415756226
0.49773910641670227,0,144068,0.6886355876922607
0.49948763847351074,0,77877,0.6921229958534241
0.497978538274765,0,127696,0.6891124248504639
0.4992836117744446,0,64456,0.69171541929245
0.4988991618156433,0,139303,0.690947949886322
0.4976881742477417,0,156529,0.6885342001914978
0.4965560734272003,0,82902,0.6862829327583313
