pred,actual,seqs,loss
0.5291575789451599,1,5658,0.6364690065383911
0.5462168455123901,1,13528,0.604739248752594
0.48584219813346863,1,158666,0.7218713760375977
0.5460989475250244,1,1519,0.6049550771713257
0.48355892300605774,1,78545,0.7265821099281311
0.5270657539367676,1,12369,0.6404299736022949
0.44758787751197815,1,96926,0.803882360458374
0.4504626989364624,1,238997,0.7974799871444702
0.530031144618988,1,15029,0.634819507598877
0.4737207293510437,1,51091,0.7471373081207275
0.4453416168689728,0,106275,0.5894029140472412
0.4562200903892517,0,80171,0.6092106699943542
0.44368085265159607,0,167489,0.5864131450653076
0.4538983404636383,0,166515,0.6049501299858093
0.4357265830039978,0,127696,0.5722163915634155
0.5018714070320129,0,37149,0.696897029876709
0.44773608446121216,0,87892,0.5937292575836182
0.44791921973228455,0,98249,0.5940608978271484
0.45593857765197754,0,111859,0.6086931228637695
0.4404880106449127,0,144199,0.580690324306488
0.4473550021648407,0,127930,0.5930394530296326
0.44332143664360046,0,137701,0.5857672691345215
0.5173133611679077,0,64456,0.7283875942230225
