pred,actual,seqs,loss
0.39764249324798584,1,67125,0.922201931476593
0.39649826288223267,1,102108,0.9250836372375488
0.3982209861278534,1,42867,0.9207481741905212
0.39942997694015503,1,45251,0.9177168011665344
0.40181228518486023,1,13745,0.911770224571228
0.3998521566390991,1,42684,0.9166604280471802
0.4113612174987793,1,1147,0.8882836103439331
0.398764044046402,1,20990,0.9193854331970215
0.40298017859458923,1,8244,0.9088678956031799
0.400097519159317,1,29722,0.9160469770431519
0.39797866344451904,0,146036,0.5074623823165894
0.39817193150520325,0,106275,0.5077834725379944
0.39704591035842896,0,166515,0.5059142112731934
0.39860185980796814,0,79946,0.5084980726242065
0.3972492218017578,0,277917,0.5062514543533325
0.39800772070884705,0,156529,0.5075106620788574
0.39936503767967224,0,158091,0.5097678899765015
0.3980698883533478,0,111233,0.5076139569282532
0.39889565110206604,0,70398,0.5089867115020752
0.3973971903324127,0,216753,0.5064970254898071
0.39894673228263855,0,219289,0.5090717077255249
0.39862486720085144,0,144199,0.5085363388061523
0.3986048996448517,0,137701,0.5085031390190125
