pred,actual,seqs,loss
0.5029757022857666,1,18253,0.6872134208679199
0.5014933943748474,1,46182,0.6901648640632629
0.5043962001800537,1,102108,0.6843932271003723
0.5052217245101929,1,23766,0.6827579140663147
0.5049005746841431,1,42684,0.6833937764167786
0.5031329989433289,1,68651,0.6869007349014282
0.504611074924469,1,47220,0.6839672923088074
0.5046769976615906,1,114418,0.6838366389274597
0.5040196180343628,1,15029,0.685140073299408
0.5070268511772156,1,8244,0.6791912913322449
0.5030298829078674,0,107960,0.6992253661155701
0.5030058026313782,0,100581,0.6991769075393677
0.5038518309593201,0,74702,0.7008806467056274
0.5007932782173157,0,134469,0.6947349905967712
0.500617504119873,0,277917,0.6943829655647278
0.5011981129646301,0,181554,0.6955462694168091
0.5012834668159485,0,144068,0.6957173943519592
0.5034118294715881,0,77877,0.6999942064285278
0.5024941563606262,0,127696,0.6981479525566101
0.5021136403083801,0,64456,0.6973834037780762
0.5021539330482483,0,139303,0.6974643468856812
0.5016171336174011,0,156529,0.6963866949081421
0.5007263422012329,0,82902,0.6946009397506714
