pred,actual,seqs,loss
0.46291384100914,1,158666,0.770214319229126
0.5022135972976685,1,13528,0.6887297630310059
0.5034070014953613,1,8244,0.6863563060760498
0.4721945524215698,1,177069,0.7503641843795776
0.4770750403404236,1,47220,0.7400814890861511
0.4880734384059906,1,19695,0.717289388179779
0.5005524158477783,1,17700,0.6920429468154907
0.4963730275630951,1,20990,0.7004275918006897
0.5054786801338196,1,15029,0.6822494268417358
0.4933525621891022,1,17780,0.7065312266349792
0.46922025084495544,0,70398,0.6334081292152405
0.4610975682735443,0,256067,0.6182207465171814
0.470648854970932,0,80920,0.6361032724380493
0.46200621128082275,0,195398,0.6199082732200623
0.45782843232154846,0,146312,0.6121727824211121
0.48235729336738586,0,110696,0.6584700345993042
0.4546428918838501,0,135911,0.606314480304718
0.4801124334335327,0,77877,0.6541427373886108
0.45619505643844604,0,145881,0.6091646552085876
0.4639325737953186,0,145434,0.62349534034729
0.4595598578453064,0,147543,0.6153714060783386
0.47340863943099976,0,107455,0.6413304209709167
0.45047950744628906,0,181554,0.598709225654602
