pred,actual,seqs,loss
0.44819536805152893,1,67125,0.80252605676651
0.44637900590896606,1,102108,0.8065869212150574
0.44889938831329346,1,42867,0.8009564876556396
0.44964414834976196,1,45251,0.7992987632751465
0.4527151882648468,1,13745,0.7924920916557312
0.4500615894794464,1,42684,0.7983708381652832
0.46289053559303284,1,1147,0.7702646851539612
0.4494566321372986,1,20990,0.7997159361839294
0.45405313372612,1,8244,0.7895410656929016
0.44981828331947327,1,29722,0.7989115715026855
0.4480515718460083,0,146036,0.5943006873130798
0.44772017002105713,0,106275,0.5937004089355469
0.4470219910144806,0,166515,0.5924370288848877
0.4491399824619293,0,79946,0.5962745547294617
0.4463137090206146,0,277917,0.5911570191383362
0.44762885570526123,0,156529,0.5935350656509399
0.44866982102394104,0,158091,0.5954214334487915
0.44808125495910645,0,111233,0.5943544507026672
0.44928446412086487,0,70398,0.5965368747711182
0.446608304977417,0,216753,0.5916892290115356
0.44818228483200073,0,219289,0.5945374965667725
0.448397696018219,0,144199,0.594927966594696
0.44795089960098267,0,137701,0.5941182971000671
