pred,actual,seqs,loss
0.48767438530921936,1,68651,0.7181073427200317
0.4865091145038605,1,46182,0.7204996347427368
0.48580265045166016,1,29270,0.7219527959823608
0.49078091979026794,1,48049,0.7117574214935303
0.4876966178417206,1,238997,0.7180617451667786
0.4846620261669159,1,133752,0.7243034839630127
0.489961713552475,1,8244,0.7134280204772949
0.4863276481628418,1,22187,0.720872700214386
0.4862785339355469,1,5658,0.7209737300872803
0.4857500493526459,1,102108,0.7220610976219177
0.486217200756073,0,166515,0.6659546494483948
0.483313649892807,0,156529,0.6603192687034607
0.48257938027381897,0,90302,0.658899188041687
0.4856104552745819,0,134340,0.6647744178771973
0.48721247911453247,0,91221,0.6678937077522278
0.48492348194122314,0,132154,0.6634398102760315
0.485503226518631,0,146312,0.6645659804344177
0.4853194057941437,0,248271,0.6642087697982788
0.4858710765838623,0,80171,0.6652812361717224
0.4837094843387604,0,106275,0.6610856652259827
0.48474201560020447,0,152433,0.6630875468254089
0.4823114275932312,0,101001,0.658381462097168
0.48682838678359985,0,82902,0.6671449542045593
0.48649123311042786,0,91332,0.6664881706237793
