pred,actual,seqs,loss
0.47012215852737427,1,46796,0.7547627091407776
0.4753014147281647,1,7370,0.7438061237335205
0.47280988097190857,1,48049,0.7490619421005249
0.4784698486328125,1,12489,0.7371621131896973
0.47387054562568665,1,177069,0.7468211054801941
0.47468239068984985,1,20990,0.7451093792915344
0.4743475019931793,1,13528,0.745815098285675
0.48011016845703125,1,8244,0.7337396740913391
0.4704661965370178,1,24746,0.7540311813354492
0.48098868131637573,1,1519,0.7319115400314331
0.4692282974720001,0,126860,0.6334232687950134
0.47072434425354004,0,93980,0.6362459063529968
0.4704546332359314,0,134469,0.6357364654541016
0.46831563115119934,0,152433,0.6317052841186523
0.4710337519645691,0,37149,0.6368306279182434
0.47025108337402344,0,132154,0.6353521347045898
0.4676559269428253,0,158091,0.6304652690887451
0.46863994002342224,0,137701,0.6323153972625732
0.4687053859233856,0,70398,0.632438600063324
0.47062766551971436,0,64456,0.636063277721405
0.4687025845050812,0,80920,0.632433295249939
0.4755900800228119,0,82902,0.6454815864562988
0.4771251380443573,0,145881,0.6484131217002869
