pred,actual,seqs,loss
0.510028064250946,1,13528,0.6732895374298096
0.49911797046661377,1,29270,0.6949127912521362
0.5311411023139954,1,1741,0.6327275633811951
0.4939289689064026,1,102108,0.7053635716438293
0.4954371452331543,1,73562,0.7023147940635681
0.5008687973022461,1,19978,0.6914110779762268
0.5119699239730835,1,7177,0.6694893836975098
0.5025278329849243,1,27231,0.6881042718887329
0.500839352607727,1,47220,0.6914699077606201
0.5019465684890747,1,42684,0.6892616152763367
0.4908660352230072,0,127278,0.6750441193580627
0.495028018951416,0,113668,0.6832523345947266
0.4937436580657959,0,257248,0.6807121634483337
0.4967959225177765,0,82902,0.6867594718933105
0.4964772164821625,0,100581,0.6861262917518616
0.4893330931663513,0,238661,0.6720377206802368
0.4931352734565735,0,139303,0.6795111298561096
0.4942702353000641,0,107960,0.6817528009414673
0.49565547704696655,0,158091,0.6844956874847412
0.4936000108718872,0,123268,0.6804284453392029
0.49614638090133667,0,72024,0.6854695081710815
0.5021750330924988,0,37149,0.6975067257881165
0.4954266846179962,0,240538,0.6840421557426453
