pred,actual,seqs,loss
0.48193496465682983,1,68651,0.7299460768699646
0.48019537329673767,1,46182,0.7335622310638428
0.47935548424720764,1,29270,0.735312819480896
0.48292553424835205,1,48049,0.7278928160667419
0.4804020822048187,1,238997,0.7331318855285645
0.478985995054245,1,133752,0.7360839247703552
0.48106491565704346,1,8244,0.7317530512809753
0.47905096411705017,1,22187,0.7359482645988464
0.4775586426258087,1,5658,0.739068329334259
0.48121461272239685,1,102108,0.7314419150352478
0.4803062379360199,0,166515,0.6545155644416809
0.4784490466117859,0,156529,0.6509482860565186
0.47822272777557373,0,90302,0.6505144834518433
0.48030513525009155,0,134340,0.654513418674469
0.48154133558273315,0,91221,0.6568949818611145
0.4797959327697754,0,132154,0.6535341143608093
0.48013314604759216,0,146312,0.6541825532913208
0.47973522543907166,0,248271,0.6534174084663391
0.4794481098651886,0,80171,0.6528657078742981
0.47936442494392395,0,106275,0.6527049541473389
0.4781327545642853,0,152433,0.6503420472145081
0.47735461592674255,0,101001,0.6488521099090576
0.4797748625278473,0,82902,0.6534935832023621
0.48187416791915894,0,91332,0.6575371623039246
