pred,actual,seqs,loss
0.5034888386726379,1,18253,0.6861937642097473
0.5018357038497925,1,46182,0.6894825100898743
0.5048672556877136,1,102108,0.6834597587585449
0.5056352615356445,1,23766,0.6819397211074829
0.505703866481781,1,42684,0.6818040013313293
0.5038741827011108,1,68651,0.6854286789894104
0.5051081776618958,1,47220,0.6829826831817627
0.5052632689476013,1,114418,0.6826756596565247
0.5044081211090088,1,15029,0.6843695640563965
0.5074180960655212,1,8244,0.6784199476242065
0.5036430358886719,0,107960,0.7004599571228027
0.5037927031517029,0,100581,0.7007614970207214
0.5043807029724121,0,74702,0.7019472122192383
0.5016308426856995,0,134469,0.6964141726493835
0.5014157891273499,0,277917,0.6959827542304993
0.5019245743751526,0,181554,0.6970037817955017
0.5020285248756409,0,144068,0.6972124576568604
0.5041486024856567,0,77877,0.7014790177345276
0.5033000707626343,0,127696,0.6997691988945007
0.502694308757782,0,64456,0.6985503435134888
0.5028226971626282,0,139303,0.6988085508346558
0.502324104309082,0,156529,0.6978062391281128
0.5015599727630615,0,82902,0.6962720155715942
