pred,actual,seqs,loss
0.5214899182319641,1,46796,0.6510653495788574
0.5698108077049255,1,12489,0.5624508857727051
0.4794824719429016,1,78545,0.7350479364395142
0.5727330446243286,1,7177,0.5573355555534363
0.5745685696601868,1,23459,0.554135799407959
0.48640212416648865,1,68651,0.720719575881958
0.5037776827812195,1,17780,0.6856201887130737
0.49339550733566284,1,96926,0.7064442038536072
0.5485019683837891,1,8244,0.6005644202232361
0.5053893327713013,1,88862,0.6824262142181396
0.4481545090675354,0,177046,0.594487190246582
0.4725434184074402,0,92854,0.6396887302398682
0.4477980434894562,0,195398,0.5938414335250854
0.46218711137771606,0,111859,0.620244562625885
0.4622862935066223,0,146036,0.6204290390014648
0.4578516185283661,0,114695,0.612215518951416
0.46275654435157776,0,72024,0.621303915977478
0.4592909812927246,0,96990,0.614874005317688
0.4572187662124634,0,100581,0.6110489368438721
0.4526815712451935,0,144068,0.6027244925498962
0.4854201674461365,0,80171,0.664404571056366
0.46119561791419983,0,79946,0.6184027194976807
0.4631657600402832,0,91332,0.6220659017562866
0.4577675759792328,0,87892,0.612060546875
