pred,actual,seqs,loss
0.4364107847213745,1,96926,0.8291712999343872
0.5345228314399719,1,27231,0.6263808608055115
0.5164238810539246,1,18253,0.6608273983001709
0.5884220600128174,1,45251,0.5303108096122742
0.5022637844085693,1,22187,0.6886298060417175
0.47576314210891724,1,42867,0.7428351640701294
0.5100104212760925,1,78545,0.6733241081237793
0.5658697485923767,1,7177,0.5693913698196411
0.5594366192817688,1,14303,0.5808250308036804
0.4545433223247528,1,29722,0.7884620428085327
0.5015135407447815,0,98249,0.6961788535118103
0.4339301884174347,0,87892,0.5690378546714783
0.4321500360965729,0,204472,0.565898060798645
0.43361184000968933,0,248271,0.5684756636619568
0.4340876638889313,0,190795,0.5693160891532898
0.5653042793273926,0,71134,0.8331090211868286
0.4296032190322876,0,219289,0.5614230632781982
0.4398643970489502,0,222609,0.5795763731002808
0.435627281665802,0,96990,0.5720403790473938
0.442177414894104,0,114695,0.5837143063545227
0.4334551990032196,0,162601,0.568199098110199
0.43859270215034485,0,107960,0.5773085951805115
0.477089524269104,0,87367,0.6483449935913086
