pred,actual,seqs,loss
0.5519149899482727,1,5658,0.5943612456321716
0.575128972530365,1,13528,0.5531609654426575
0.4880176782608032,1,158666,0.7174036502838135
0.5778167843818665,1,1519,0.5484984517097473
0.48716211318969727,1,78545,0.7191583514213562
0.5510982275009155,1,12369,0.5958422422409058
0.4439988136291504,1,96926,0.8119333982467651
0.4437832832336426,1,238997,0.8124189376831055
0.5520802736282349,1,15029,0.5940618515014648
0.47840622067451477,1,51091,0.7372950911521912
0.43783363699913025,0,106275,0.5759574770927429
0.45152390003204346,0,80171,0.6006115674972534
0.43659278750419617,0,167489,0.5737526416778564
0.45063722133636475,0,166515,0.5989962816238403
0.42538926005363464,0,127696,0.5540624260902405
0.5159846544265747,0,37149,0.7256386876106262
0.4403921961784363,0,87892,0.5805190801620483
0.4384821057319641,0,98249,0.5771116614341736
0.4522266983985901,0,111859,0.6018937826156616
0.433464378118515,0,144199,0.5682153105735779
0.4418230652809143,0,127930,0.5830792784690857
0.4306780695915222,0,137701,0.5633091926574707
0.5326060652732849,0,64456,0.7605828046798706
