pred,actual,seqs,loss
0.4830678105354309,1,68651,0.727598249912262
0.4852971136569977,1,46182,0.7229939699172974
0.48607373237609863,1,29270,0.721394956111908
0.48932740092277527,1,48049,0.7147234678268433
0.4848940968513489,1,238997,0.7238247990608215
0.48274946212768555,1,133752,0.7282574772834778
0.4898827373981476,1,8244,0.7135892510414124
0.4858168959617615,1,22187,0.7219234704971313
0.48527756333351135,1,5658,0.7230342626571655
0.4808337986469269,1,102108,0.7322335839271545
0.48366621136665344,0,166515,0.6610018610954285
0.47858887910842896,0,156529,0.651216447353363
0.48191186785697937,0,90302,0.6576099395751953
0.48196595907211304,0,134340,0.657714307308197
0.4835178852081299,0,91221,0.6607146263122559
0.482642263174057,0,132154,0.659020721912384
0.4828937351703644,0,146312,0.6595069169998169
0.48148560523986816,0,248271,0.6567875146865845
0.4825751781463623,0,80171,0.6588910222053528
0.4793027937412262,0,106275,0.6525865793228149
0.482420414686203,0,152433,0.6585919857025146
0.48149633407592773,0,101001,0.6568081974983215
0.4855363667011261,0,82902,0.6646304130554199
0.4831997752189636,0,91332,0.6600989103317261
