pred,actual,seqs,loss
0.493265300989151,1,46796,0.7067081332206726
0.5118326544761658,1,7370,0.6697575449943542
0.4940299093723297,1,48049,0.7051592469215393
0.503543496131897,1,12489,0.6860851645469666
0.48489171266555786,1,177069,0.7238296866416931
0.49572741985321045,1,20990,0.7017290592193604
0.4996525049209595,1,13528,0.6938424110412598
0.5031704306602478,1,8244,0.6868263483047485
0.4968802034854889,1,24746,0.6994063258171082
0.5169357657432556,1,1519,0.6598366498947144
0.48395758867263794,0,126860,0.6615663170814514
0.4894847869873047,0,93980,0.6723348498344421
0.4893032908439636,0,134469,0.6719793677330017
0.4880945086479187,0,152433,0.6696152687072754
0.49350467324256897,0,37149,0.6802401542663574
0.4884820878505707,0,132154,0.6703726649284363
0.4856127202510834,0,158091,0.6647788286209106
0.4860056936740875,0,137701,0.6655430793762207
0.4887505769729614,0,70398,0.6708977222442627
0.4896695911884308,0,64456,0.6726968884468079
0.4911545217037201,0,80920,0.6756108999252319
0.4899384081363678,0,82902,0.6732237935066223
0.48538926243782043,0,145881,0.6643444895744324
