pred,actual,seqs,loss
0.496553897857666,1,18253,0.7000632286071777
0.4977031946182251,1,46182,0.6977514028549194
0.49392181634902954,1,102108,0.7053780555725098
0.4977138042449951,1,23766,0.6977300643920898
0.49577945470809937,1,42684,0.7016240954399109
0.4915313720703125,1,68651,0.7102295160293579
0.49340933561325073,1,47220,0.706416130065918
0.4932842254638672,1,114418,0.7066697478294373
0.49626266956329346,1,15029,0.7006499171257019
0.5042985677719116,1,8244,0.684586763381958
0.4884076714515686,0,107960,0.6702272295951843
0.48450174927711487,0,100581,0.6626213788986206
0.48769229650497437,0,74702,0.6688298583030701
0.48648974299430847,0,134469,0.6664852499961853
0.48323529958724976,0,277917,0.6601676344871521
0.4829002022743225,0,181554,0.659519374370575
0.4911600649356842,0,144068,0.6756218075752258
0.48640304803848267,0,77877,0.6663164496421814
0.48577332496643066,0,127696,0.6650910973548889
0.4881881773471832,0,64456,0.6697982549667358
0.491432249546051,0,139303,0.6761568188667297
0.48702022433280945,0,156529,0.6675188541412354
0.4858575165271759,0,82902,0.6652548313140869
