pred,actual,seqs,loss
0.4967096745967865,1,18253,0.6997495889663696
0.49781328439712524,1,46182,0.697530210018158
0.4939066171646118,1,102108,0.7054088115692139
0.49758026003837585,1,23766,0.6979984045028687
0.49569255113601685,1,42684,0.7017993927001953
0.491662859916687,1,68651,0.7099620699882507
0.4933210611343384,1,47220,0.7065950632095337
0.4928227365016937,1,114418,0.7076057195663452
0.4964984953403473,1,15029,0.7001748085021973
0.5045258402824402,1,8244,0.6841362118721008
0.4881686568260193,0,107960,0.6697601079940796
0.48442256450653076,0,100581,0.6624677777290344
0.48735275864601135,0,74702,0.6681672930717468
0.48629194498062134,0,134469,0.6661001443862915
0.48287713527679443,0,277917,0.659474790096283
0.4826309084892273,0,181554,0.6589987277984619
0.49094417691230774,0,144068,0.6751976013183594
0.48615169525146484,0,77877,0.665827214717865
0.4854751229286194,0,127696,0.6645113825798035
0.487875759601593,0,64456,0.6691880226135254
0.49123162031173706,0,139303,0.675762414932251
0.48688963055610657,0,156529,0.6672643423080444
0.4859078526496887,0,82902,0.6653527617454529
