pred,actual,seqs,loss
0.4204806387424469,1,96926,0.8663568496704102
0.5494086742401123,1,27231,0.5989127159118652
0.5285350680351257,1,18253,0.6376461386680603
0.6165649890899658,1,45251,0.48359155654907227
0.5065796971321106,1,22187,0.680073618888855
0.46929931640625,1,42867,0.7565144896507263
0.5181741714477539,1,78545,0.6574438810348511
0.5899273753166199,1,7177,0.527755856513977
0.5823986530303955,1,14303,0.540600061416626
0.44161149859428406,1,29722,0.8173247575759888
0.5044035315513611,0,98249,0.7019932270050049
0.41859379410743713,0,87892,0.542305588722229
0.41583022475242615,0,204472,0.5375636219978333
0.4175415337085724,0,248271,0.5404974222183228
0.4187919497489929,0,190795,0.5426465272903442
0.5869074463844299,0,71134,0.88408362865448
0.41392025351524353,0,219289,0.5342994332313538
0.425039142370224,0,222609,0.5534533262252808
0.4188399314880371,0,96990,0.5427290201187134
0.4289599061012268,0,114695,0.560295820236206
0.41615626215934753,0,162601,0.5381219387054443
0.42279475927352905,0,107960,0.5495573878288269
0.47523534297943115,0,87367,0.644805371761322
