pred,actual,seqs,loss
0.48038870096206665,1,67125,0.7331597208976746
0.4778057336807251,1,102108,0.7385510206222534
0.4816690683364868,1,42867,0.7304979562759399
0.483302503824234,1,45251,0.7271125316619873
0.48897865414619446,1,13745,0.7154364585876465
0.4824233651161194,1,42684,0.7289332151412964
0.5049886703491211,1,1147,0.683219313621521
0.483010858297348,1,20990,0.7277161478996277
0.4916495382785797,1,8244,0.7099891304969788
0.4828890264034271,1,29722,0.7279683947563171
0.47966593503952026,0,146036,0.6532842516899109
0.4793758690357208,0,106275,0.652726948261261
0.47831177711486816,0,166515,0.6506851315498352
0.48103567957878113,0,79946,0.655920147895813
0.47739124298095703,0,277917,0.6489221453666687
0.479070246219635,0,156529,0.6521400809288025
0.47978928685188293,0,158091,0.6535213589668274
0.4792345464229584,0,111233,0.6524555087089539
0.48191651701927185,0,70398,0.6576188802719116
0.4774530827999115,0,216753,0.6490405201911926
0.4797154664993286,0,219289,0.6533794403076172
0.47948992252349854,0,144199,0.6529460549354553
0.47915518283843994,0,137701,0.652303159236908
