pred,actual,seqs,loss
0.6088871359825134,1,5658,0.4961223602294922
0.6392761468887329,1,13528,0.447418749332428
0.4938291013240814,1,158666,0.7055657505989075
0.6462569236755371,1,1519,0.4365581274032593
0.5006104707717896,1,78545,0.6919269561767578
0.6023715734481812,1,12369,0.5068807601928711
0.42744332551956177,1,96926,0.8499335646629333
0.42424747347831726,1,238997,0.857438325881958
0.6060035824775696,1,15029,0.5008693933486938
0.4901180565357208,1,51091,0.713109016418457
0.4199292063713074,0,106275,0.5446051359176636
0.446423202753067,0,80171,0.5913547873497009
0.4121776819229126,0,167489,0.5313305854797363
0.43908995389938354,0,166515,0.5781947374343872
0.3990197777748108,0,127696,0.5091932415962219
0.5463817119598389,0,37149,0.790499210357666
0.42027026414871216,0,87892,0.5451932549476624
0.41583529114723206,0,98249,0.5375722646713257
0.44283241033554077,0,111859,0.5848891735076904
0.4101763963699341,0,144199,0.5279317498207092
0.42606958746910095,0,127930,0.5552471280097961
0.40152615308761597,0,137701,0.5133724212646484
0.5733401775360107,0,64456,0.8517682552337646
