pred,actual,seqs,loss
0.5275942087173462,1,13528,0.6394278407096863
0.5251615643501282,1,29270,0.644049346446991
0.5323768258094788,1,1741,0.6304036974906921
0.5228034853935242,1,102108,0.6485496163368225
0.5237711668014526,1,73562,0.646700382232666
0.525431215763092,1,19978,0.6435359716415405
0.5279125571250916,1,7177,0.6388246417045593
0.5256400108337402,1,27231,0.6431387066841125
0.5254483819007874,1,47220,0.6435033082962036
0.5249390006065369,1,42684,0.6444731950759888
0.5224635601043701,0,127278,0.7391148209571838
0.5235167145729065,0,113668,0.7413226366043091
0.523391604423523,0,257248,0.7410600781440735
0.524533212184906,0,82902,0.7434582710266113
0.524137556552887,0,100581,0.742626428604126
0.521968424320221,0,238661,0.7380784749984741
0.5232210755348206,0,139303,0.7407023906707764
0.5232117772102356,0,107960,0.74068284034729
0.5232186913490295,0,158091,0.7406973838806152
0.5231647491455078,0,123268,0.7405842542648315
0.5246425271034241,0,72024,0.74368816614151
0.5262548327445984,0,37149,0.7470857501029968
0.5236687660217285,0,240538,0.7416418194770813
