pred,actual,seqs,loss
0.4349331557750702,1,96926,0.8325629234313965
0.5348347425460815,1,27231,0.62579745054245
0.5167326331138611,1,18253,0.6602296829223633
0.5899776816368103,1,45251,0.5276705622673035
0.5018061399459839,1,22187,0.6895413994789124
0.4745367467403412,1,42867,0.7454162240028381
0.5095530152320862,1,78545,0.674221396446228
0.5672311782836914,1,7177,0.5669883489608765
0.5605599284172058,1,14303,0.5788191556930542
0.45312729477882385,1,29722,0.7915821671485901
0.5007008910179138,0,98249,0.6945499181747437
0.4327148199081421,0,87892,0.5668931603431702
0.4310373365879059,0,204472,0.5639404654502869
0.43250858783721924,0,248271,0.5665296316146851
0.4331250786781311,0,190795,0.5676165819168091
0.5662127137184143,0,71134,0.8352010250091553
0.4285544157028198,0,219289,0.5595860481262207
0.43892571330070496,0,222609,0.5779019594192505
0.43427443504333496,0,96990,0.5696461796760559
0.4408731460571289,0,114695,0.5813788771629333
0.43221551179885864,0,162601,0.5660133361816406
0.4376015365123749,0,107960,0.5755446553230286
0.47604748606681824,0,87367,0.6463541984558105
