pred,actual,seqs,loss
0.4853202998638153,1,67125,0.7229461669921875
0.48197051882743835,1,102108,0.7298723459243774
0.48693329095840454,1,42867,0.7196281552314758
0.48918619751930237,1,45251,0.7150120735168457
0.4962747097015381,1,13745,0.7006256580352783
0.48782628774642944,1,42684,0.7177959084510803
0.5162811875343323,1,1147,0.6611037254333496
0.48872676491737366,1,20990,0.715951681137085
0.49975478649139404,1,8244,0.6936377286911011
0.48841241002082825,1,29722,0.7165951132774353
0.48427802324295044,0,146036,0.6621874570846558
0.4838382601737976,0,106275,0.6613351106643677
0.4826161563396454,0,166515,0.6589702367782593
0.48605403304100037,0,79946,0.6656371355056763
0.48135265707969666,0,277917,0.6565310955047607
0.4833737909793854,0,156529,0.660435676574707
0.48432669043540955,0,158091,0.6622818112373352
0.48360195755958557,0,111233,0.6608774065971375
0.48716992139816284,0,70398,0.6678107380867004
0.48149535059928894,0,216753,0.6568062901496887
0.4842136800289154,0,219289,0.6620627045631409
0.48384496569633484,0,144199,0.6613481044769287
0.4836137890815735,0,137701,0.660900354385376
