pred,actual,seqs,loss
0.6651043891906738,1,5658,0.4078112840652466
0.6997634768486023,1,13528,0.35701289772987366
0.49889397621154785,1,158666,0.6953616738319397
0.7099878787994385,1,1519,0.34250739216804504
0.5118587017059326,1,78545,0.6697066426277161
0.654223620891571,1,12369,0.42430606484413147
0.4074631333351135,1,96926,0.897804856300354
0.40136680006980896,1,238997,0.9128795862197876
0.657366931438446,1,15029,0.41951292753219604
0.4936492145061493,1,51091,0.7059301137924194
0.39633089303970337,0,106275,0.5047290325164795
0.43292734026908875,0,80171,0.5672678351402283
0.38470447063446045,0,167489,0.4856525957584381
0.4220600128173828,0,166515,0.5482852458953857
0.36910000443458557,0,127696,0.4606079161167145
0.5718191266059875,0,37149,0.84820955991745
0.39593473076820374,0,87892,0.5040730237960815
0.3932684659957886,0,98249,0.4996688663959503
0.4287591278553009,0,111859,0.5599443316459656
0.38441023230552673,0,144199,0.4851745069026947
0.4080759286880493,0,127930,0.5243769288063049
0.37274062633514404,0,137701,0.46639513969421387
0.6104830503463745,0,64456,0.9428479075431824
