pred,actual,seqs,loss
0.49373680353164673,1,46796,0.7057526707649231
0.5043143033981323,1,7370,0.6845555901527405
0.49428093433380127,1,48049,0.7046512365341187
0.5018866658210754,1,12489,0.689380943775177
0.489301472902298,1,177069,0.7147764563560486
0.4955008924007416,1,20990,0.702186107635498
0.4983074963092804,1,13528,0.6965379118919373
0.5023245215415955,1,8244,0.688508927822113
0.49499237537384033,1,24746,0.7032129168510437
0.5110828280448914,1,1519,0.6712236404418945
0.48712611198425293,0,126860,0.6677253246307373
0.490170419216156,0,93980,0.6736787557601929
0.4905920624732971,0,134469,0.6745061278343201
0.4892582595348358,0,152433,0.6718912124633789
0.49288061261177063,0,37149,0.6790088415145874
0.4897466003894806,0,132154,0.6728478074073792
0.487959086894989,0,158091,0.6693507432937622
0.48818761110305786,0,137701,0.6697971224784851
0.4898345172405243,0,70398,0.6730201244354248
0.4903528392314911,0,64456,0.6740366220474243
0.4912363290786743,0,80920,0.6757716536521912
0.49256017804145813,0,82902,0.6783771514892578
0.49011966586112976,0,145881,0.673579216003418
