pred,actual,seqs,loss
0.4872954487800598,1,68651,0.7188846468925476
0.4936761260032654,1,46182,0.70587557554245
0.4939398467540741,1,29270,0.7053415179252625
0.49624836444854736,1,48049,0.7006787657737732
0.48951876163482666,1,238997,0.7143324613571167
0.48802635073661804,1,133752,0.7173858880996704
0.49935561418533325,1,8244,0.69443678855896
0.4946899712085724,1,22187,0.7038240432739258
0.4941783845424652,1,5658,0.7048587203025818
0.48547831177711487,1,102108,0.7226206660270691
0.4877651333808899,0,166515,0.6689720153808594
0.4830021858215332,0,156529,0.6597166061401367
0.4892711639404297,0,90302,0.6719164848327637
0.4873216152191162,0,134340,0.6681065559387207
0.48782798647880554,0,91221,0.6690947413444519
0.48745793104171753,0,132154,0.6683725118637085
0.486942321062088,0,146312,0.6673669815063477
0.48464545607566833,0,248271,0.6629002094268799
0.4873494803905487,0,80171,0.6681609153747559
0.4842955470085144,0,106275,0.6622214317321777
0.48675113916397095,0,152433,0.6669944524765015
0.48782986402511597,0,101001,0.669098436832428
0.4919675886631012,0,82902,0.6772100329399109
0.4883349537849426,0,91332,0.670085072517395
