pred,actual,seqs,loss
0.4497097134590149,1,96926,0.7991529703140259
0.5244702100753784,1,27231,0.6453666687011719
0.5077531933784485,1,18253,0.6777597665786743
0.568591833114624,1,45251,0.5645924806594849
0.49941346049308777,1,22187,0.6943209767341614
0.47965753078460693,1,42867,0.7346829175949097
0.5074224472045898,1,78545,0.6784114241600037
0.5480345487594604,1,7177,0.6014169454574585
0.543930172920227,1,14303,0.6089344024658203
0.4634150266647339,1,29722,0.7691322565078735
0.5000119209289551,0,98249,0.6931710243225098
0.4452672004699707,0,87892,0.5892687439918518
0.4446556270122528,0,204472,0.5881668925285339
0.44553670287132263,0,248271,0.5897546410560608
0.4453827738761902,0,190795,0.5894770622253418
0.5504907965660095,0,71134,0.7995989322662354
0.44160622358322144,0,219289,0.5826908946037292
0.4507966637611389,0,222609,0.5992865562438965
0.4482356905937195,0,96990,0.5946342945098877
0.4519837200641632,0,114695,0.6014502644538879
0.4465349316596985,0,162601,0.5915566682815552
0.45032060146331787,0,107960,0.5984200835227966
0.480251669883728,0,87367,0.6544105410575867
