pred,actual,seqs,loss
0.535368025302887,1,46796,0.6248008608818054
0.5962462425231934,1,12489,0.517101526260376
0.4761412441730499,1,78545,0.742040753364563
0.6001743674278259,1,7177,0.5105350613594055
0.6090347170829773,1,23459,0.49588000774383545
0.4888339042663574,1,68651,0.7157325148582458
0.5073415040969849,1,17780,0.6785709261894226
0.4914316236972809,1,96926,0.7104324698448181
0.5693780779838562,1,8244,0.5632106065750122
0.5154178738594055,1,88862,0.662777304649353
0.4310368299484253,0,177046,0.5639395713806152
0.46756431460380554,0,92854,0.6302931904792786
0.4296072721481323,0,195398,0.5614301562309265
0.44934380054473877,0,111859,0.5966446399688721
0.4496854245662689,0,146036,0.5972652435302734
0.44295841455459595,0,114695,0.585115373134613
0.44934210181236267,0,72024,0.5966415405273438
0.44843754172325134,0,96990,0.5950002074241638
0.44315075874328613,0,100581,0.5854607224464417
0.43528491258621216,0,144068,0.571433961391449
0.48290419578552246,0,80171,0.6595271229743958
0.44966426491737366,0,79946,0.5972267389297485
0.4508340656757355,0,91332,0.59935462474823
0.4420572817325592,0,87892,0.5834989547729492
