pred,actual,seqs,loss
0.4964364767074585,1,18253,0.7002997398376465
0.4974350929260254,1,46182,0.698290228843689
0.495078444480896,1,102108,0.7030390501022339
0.49919864535331726,1,23766,0.6947512030601501
0.4962983727455139,1,42684,0.700577974319458
0.49234214425086975,1,68651,0.7085813879966736
0.49502766132354736,1,47220,0.7031416296958923
0.49697935581207275,1,114418,0.6992067694664001
0.4964139759540558,1,15029,0.7003450989723206
0.5034762024879456,1,8244,0.6862188577651978
0.490956574678421,0,107960,0.6752219796180725
0.4877474308013916,0,100581,0.6689375042915344
0.4919593930244446,0,74702,0.6771938800811768
0.48899126052856445,0,134469,0.6713685989379883
0.4872252643108368,0,277917,0.6679186224937439
0.4864942133426666,0,181554,0.6664940118789673
0.4927547872066498,0,144068,0.6787607669830322
0.48928818106651306,0,77877,0.6719498038291931
0.489122599363327,0,127696,0.6716256141662598
0.49118542671203613,0,64456,0.6756716370582581
0.4934438169002533,0,139303,0.680120050907135
0.4891984164714813,0,156529,0.6717740297317505
0.4874221980571747,0,82902,0.6683027744293213
