pred,actual,seqs,loss
0.44711992144584656,1,96926,0.8049284219741821
0.5263466238975525,1,27231,0.64179527759552
0.5091531276702881,1,18253,0.6750064492225647
0.5721489787101746,1,45251,0.5583558678627014
0.49980005621910095,1,22187,0.6935471296310425
0.4789075553417206,1,42867,0.736247718334198
0.5074778199195862,1,78545,0.6783022880554199
0.5512763857841492,1,7177,0.5955190062522888
0.5465788245201111,1,14303,0.6040767431259155
0.4616544246673584,1,29722,0.7729386687278748
0.5002234578132629,0,98249,0.693594217300415
0.44302698969841003,0,87892,0.585238516330719
0.4422234892845154,0,204472,0.5837969183921814
0.4432383179664612,0,248271,0.5856180191040039
0.4431908428668976,0,190795,0.5855327248573303
0.5531423687934875,0,71134,0.8055152297019958
0.4392852485179901,0,219289,0.578542947769165
0.44863981008529663,0,222609,0.5953669548034668
0.4458461105823517,0,96990,0.5903128385543823
0.45011964440345764,0,114695,0.5980545282363892
0.44403767585754395,0,162601,0.5870547294616699
0.44806602597236633,0,107960,0.5943268537521362
0.4794917106628418,0,87367,0.6529494524002075
