pred,actual,seqs,loss
0.45019790530204773,1,158666,0.7980679869651794
0.5640631318092346,1,13528,0.572589099407196
0.5800085663795471,1,8244,0.5447124242782593
0.47936853766441345,1,177069,0.7352855801582336
0.4815601408481598,1,47220,0.7307241559028625
0.4998089671134949,1,19695,0.6935293078422546
0.5528598427772522,1,17700,0.5926507711410522
0.5381442904472351,1,20990,0.6196285486221313
0.579675555229187,1,15029,0.5452867150306702
0.5417361259460449,1,17780,0.6129762530326843
0.46994560956954956,0,70398,0.6347756385803223
0.44001612067222595,0,256067,0.5798472762107849
0.45659807324409485,0,80920,0.609906017780304
0.4282093644142151,0,195398,0.5589823722839355
0.42508482933044434,0,146312,0.5535327792167664
0.4911596477031708,0,110696,0.675620973110199
0.41616714000701904,0,135911,0.5381405353546143
0.49143093824386597,0,77877,0.6761542558670044
0.42953363060951233,0,145881,0.561301052570343
0.4412831962108612,0,145434,0.5821125507354736
0.428516149520874,0,147543,0.5595190525054932
0.4668557941913605,0,107455,0.6289633512496948
0.39326056838035583,0,181554,0.4996558427810669
