pred,actual,seqs,loss
0.6311864256858826,1,5658,0.4601539969444275
0.6638064980506897,1,13528,0.4097645878791809
0.49578049778938293,1,158666,0.7016220092773438
0.6728214025497437,1,1519,0.3962753713130951
0.5050745606422424,1,78545,0.683049201965332
0.623298704624176,1,12369,0.4727294147014618
0.4199879765510559,1,96926,0.8675292134284973
0.41520681977272034,1,238997,0.8789784908294678
0.6264594197273254,1,15029,0.467671275138855
0.4920348823070526,1,51091,0.709205687046051
0.41088587045669556,0,106275,0.5291353464126587
0.4412039816379547,0,80171,0.5819708108901978
0.40133875608444214,0,167489,0.5130593776702881
0.4322570264339447,0,166515,0.56608647108078
0.38758760690689087,0,127696,0.4903493821620941
0.5569294095039368,0,37149,0.8140261769294739
0.410656601190567,0,87892,0.5287462472915649
0.4065614938735962,0,98249,0.5218216776847839
0.4373183846473694,0,111859,0.5750412940979004
0.4001920819282532,0,144199,0.511145830154419
0.4189324676990509,0,127930,0.5428882837295532
0.3900919258594513,0,137701,0.4944470524787903
0.5883922576904297,0,64456,0.8876844644546509
