pred,actual,seqs,loss
0.5097562074661255,1,13528,0.6738227009773254
0.5010553002357483,1,29270,0.6910387873649597
0.5260763764381409,1,1741,0.6423088908195496
0.4959716796875,1,102108,0.7012364268302917
0.4980353116989136,1,73562,0.6970843076705933
0.502516508102417,1,19978,0.688126802444458
0.5106942653656006,1,7177,0.6719841957092285
0.5035114288330078,1,27231,0.6861488819122314
0.5027137398719788,1,47220,0.6877343654632568
0.5025799870491028,1,42684,0.688000500202179
0.49439695477485657,0,127278,0.6820034384727478
0.49760928750038147,0,113668,0.6883771419525146
0.4965406358242035,0,257248,0.6862522959709167
0.4990808069705963,0,82902,0.691310465335846
0.49876365065574646,0,100581,0.6906775236129761
0.4925563633441925,0,238661,0.6783696413040161
0.4957219064235687,0,139303,0.6846274137496948
0.4964512288570404,0,107960,0.6860747337341309
0.4973229169845581,0,158091,0.6878073215484619
0.4962528645992279,0,123268,0.6856808662414551
0.49899542331695557,0,72024,0.6911400556564331
0.5041525363922119,0,37149,0.7014869451522827
0.49760138988494873,0,240538,0.688361406326294
