pred,actual,seqs,loss
0.4823862314224243,1,68651,0.7290101647377014
0.4808256924152374,1,46182,0.732250452041626
0.47985783219337463,1,29270,0.7342653870582581
0.48365432024002075,1,48049,0.7263848185539246
0.48103800415992737,1,238997,0.7318090200424194
0.4794631004333496,1,133752,0.7350883483886719
0.48196619749069214,1,8244,0.7298812866210938
0.4797093868255615,1,22187,0.7345747947692871
0.47851505875587463,1,5658,0.7370675802230835
0.48158302903175354,1,102108,0.7306766510009766
0.4808356761932373,0,166515,0.6555348038673401
0.47891965508461,0,156529,0.6518510580062866
0.4784233570098877,0,90302,0.6508990526199341
0.480694979429245,0,134340,0.6552638411521912
0.481964647769928,0,91221,0.6577118039131165
0.48009392619132996,0,132154,0.6541070938110352
0.48046085238456726,0,146312,0.6548131108283997
0.48016029596328735,0,248271,0.654234766960144
0.4800407290458679,0,80171,0.6540048122406006
0.47969692945480347,0,106275,0.6533437967300415
0.478580117225647,0,152433,0.6511996388435364
0.47758737206459045,0,101001,0.6492975354194641
0.4804214537143707,0,82902,0.6547372937202454
0.48220235109329224,0,91332,0.658170759677887
